ISO-10303-21;
HEADER;
FILE_DESCRIPTION (( 'STEP AP214' ),
    '1' );
FILE_NAME ('CS_MOUNT.STEP',
    '2026-01-25T03:43:50',
    ( '' ),
    ( '' ),
    'SwSTEP 2.0',
    'SolidWorks 2024',
    '' );
FILE_SCHEMA (( 'AUTOMOTIVE_DESIGN' ));
ENDSEC;

DATA;
#1 = EDGE_CURVE ( 'NONE', #2, #1218, #922, .T. ) ;
#2 = VERTEX_POINT ( 'NONE', #764 ) ;
#3 = CARTESIAN_POINT ( 'NONE',  ( -3.301426599270386841, 11.37220196744491574, 7.694267226448973318 ) ) ;
#4 = CARTESIAN_POINT ( 'NONE',  ( 3.428608427426859340, 28.17673079511984113, 4.789579725365032736 ) ) ;
#5 = CARTESIAN_POINT ( 'NONE',  ( 8.867079154670740593, 28.17673079511984113, 6.228251600365032559 ) ) ;
#6 = CARTESIAN_POINT ( 'NONE',  ( 14.12759139680904852, 27.74710100683859793, 5.930595351448972430 ) ) ;
#7 = CARTESIAN_POINT ( 'NONE',  ( 3.606566912532426450, 2.347101006838598458, 6.922782849281091444 ) ) ;
#8 = CARTESIAN_POINT ( 'NONE',  ( 35.71386667198815701, -0.4528989931617197207, 4.194267226448972430 ) ) ;
#9 = EDGE_LOOP ( 'NONE', ( #250, #129 ) ) ;
#10 = CARTESIAN_POINT ( 'NONE',  ( 8.867079154670740593, 15.04710100683859331, 5.694267226448971542 ) ) ;
#11 = CARTESIAN_POINT ( 'NONE',  ( 6.623285158201518641, 27.74313226265423538, 7.694267226448971542 ) ) ;
#12 = CARTESIAN_POINT ( 'NONE',  ( -19.67970836264679235, 30.54710100683871943, 5.644267226448972607 ) ) ;
#13 = CARTESIAN_POINT ( 'NONE',  ( 21.99670894295199020, 15.04710100683859331, 6.823564100365032026 ) ) ;
#14 = ORIENTED_EDGE ( 'NONE', *, *, #621, .F. ) ;
#15 = ORIENTED_EDGE ( 'NONE', *, *, #853, .F. ) ;
#16 = CARTESIAN_POINT ( 'NONE',  ( 8.867079154670740593, -15.95289899316140669, 7.694267226448971542 ) ) ;
#17 = CONICAL_SURFACE ( 'NONE', #691, 3.149999999999999911, 0.7853981633974480570 ) ;
#18 = AXIS2_PLACEMENT_3D ( 'NONE', #1570, #327, #307 ) ;
#19 = CARTESIAN_POINT ( 'NONE',  ( 21.99670894295199020, 20.48557173408247678, 4.591142225365032914 ) ) ;
#20 = CARTESIAN_POINT ( 'NONE',  ( -3.832920845329258253, 15.04710100683859508, 7.567704724281091089 ) ) ;
#21 = VECTOR ( 'NONE', #444, 999.9999999999998863 ) ;
#22 = AXIS2_PLACEMENT_3D ( 'NONE', #1022, #89, #1864 ) ;
#23 = CARTESIAN_POINT ( 'NONE',  ( -0.4169711030918271111, 5.763050749076029433, 6.525907850365032736 ) ) ;
#24 = EDGE_CURVE ( 'NONE', #1499, #1186, #1902, .T. ) ;
#25 = CARTESIAN_POINT ( 'NONE',  ( -3.832920845329261361, 9.786588764700287157, 6.029814099281090911 ) ) ;
#26 = ORIENTED_EDGE ( 'NONE', *, *, #674, .F. ) ;
#27 = CARTESIAN_POINT ( 'NONE',  ( 18.15112941243330980, 24.33115126460116429, 6.129032850365032203 ) ) ;
#28 = CARTESIAN_POINT ( 'NONE',  ( 14.30554988191462584, 1.917471218557346369, 5.186454725365032381 ) ) ;
#29 = ORIENTED_EDGE ( 'NONE', *, *, #1832, .F. ) ;
#30 = FACE_OUTER_BOUND ( 'NONE', #1600, .T. ) ;
#31 = CARTESIAN_POINT ( 'NONE',  ( -4.262550633610508122, 15.04710100683859508, 7.319657850365032026 ) ) ;
#32 = LINE ( 'NONE', #1897, #1407 ) ;
#33 = CARTESIAN_POINT ( 'NONE',  ( 3.428608427426859340, 28.17673079511984113, 7.071610975365032914 ) ) ;
#34 = EDGE_CURVE ( 'NONE', #1882, #1186, #1412, .T. ) ;
#35 = CARTESIAN_POINT ( 'NONE',  ( 3.428608427426850902, 1.917471218557348145, 4.988017225365031670 ) ) ;
#36 = ORIENTED_EDGE ( 'NONE', *, *, #684, .F. ) ;
#37 = DIRECTION ( 'NONE',  ( -1.000000000000000000, 0.000000000000000000, 0.000000000000000000 ) ) ;
#38 = CARTESIAN_POINT ( 'NONE',  ( 14.30554988191462940, 1.917471218557346369, 7.567704725365032914 ) ) ;
#39 = CARTESIAN_POINT ( 'NONE',  ( 35.71386667198815701, -0.4528989931617197207, 7.694267226448971542 ) ) ;
#40 = CARTESIAN_POINT ( 'NONE',  ( 14.30554988191462584, 1.917471218557346369, 5.087235975365032914 ) ) ;
#41 = CARTESIAN_POINT ( 'NONE',  ( 21.99670894295199020, 15.04710100683859331, 6.029814100365031848 ) ) ;
#42 = CARTESIAN_POINT ( 'NONE',  ( 35.71386667198815701, -0.4528989931617197207, 4.194267226448972430 ) ) ;
#43 = CARTESIAN_POINT ( 'NONE',  ( -0.4169711030918271111, 5.763050749076029433, 5.831376600365032914 ) ) ;
#44 = ORIENTED_EDGE ( 'NONE', *, *, #1235, .T. ) ;
#45 = FACE_OUTER_BOUND ( 'NONE', #981, .T. ) ;
#46 = DIRECTION ( 'NONE',  ( -0.000000000000000000, -0.000000000000000000, 1.000000000000000000 ) ) ;
#47 = DIRECTION ( 'NONE',  ( -0.000000000000000000, -0.000000000000000000, -1.000000000000000000 ) ) ;
#48 = CARTESIAN_POINT ( 'NONE',  ( 18.15112941243330624, 5.763050749076025880, 5.136845350365032203 ) ) ;
#49 = CARTESIAN_POINT ( 'NONE',  ( 21.78996315553243335, 17.40706757132085158, 7.694267226448973318 ) ) ;
#50 = CIRCLE ( 'NONE', #899, 1.700000000000000178 ) ;
#51 = CIRCLE ( 'NONE', #1748, 1.700000000000000178 ) ;
#52 = CARTESIAN_POINT ( 'NONE',  ( -3.832920845329258253, 15.04710100683859508, 5.186454724281091444 ) ) ;
#53 = CARTESIAN_POINT ( 'NONE',  ( 21.99670894295198664, 9.608630279594702728, 5.186454725365032381 ) ) ;
#54 = ORIENTED_EDGE ( 'NONE', *, *, #1249, .F. ) ;
#55 = CARTESIAN_POINT ( 'NONE',  ( 10.56707915467074166, 46.04710100683859508, 5.644267226448972607 ) ) ;
#56 = EDGE_CURVE ( 'NONE', #901, #1943, #304, .T. ) ;
#57 = CARTESIAN_POINT ( 'NONE',  ( 5.717079154670741126, -15.95289899316140669, 4.194267226448972430 ) ) ;
#58 = CARTESIAN_POINT ( 'NONE',  ( 14.12759139680904852, 27.74710100683859793, 6.724345351448972607 ) ) ;
#59 =( BOUNDED_CURVE ( )  B_SPLINE_CURVE ( 2, ( #20, #1450, #1736, #1428, #1747 ),
 .UNSPECIFIED., .F., .F. ) 
 B_SPLINE_CURVE_WITH_KNOTS ( ( 3, 2, 3 ),
 ( 0.6999999999999997335, 0.7249999999999999778, 0.7320628924144899630 ),
 .UNSPECIFIED. ) 
 CURVE ( )  GEOMETRIC_REPRESENTATION_ITEM ( )  RATIONAL_B_SPLINE_CURVE ( ( 1.000000000000000666, 0.9238795325112860723, 1.000000000000000000, 0.9784947731034614460, 0.9691406745204786954 ) ) 
 REPRESENTATION_ITEM ( '' )  );
#60 = DIRECTION ( 'NONE',  ( -0.000000000000000000, -0.000000000000000000, -1.000000000000000000 ) ) ;
#61 = CARTESIAN_POINT ( 'NONE',  ( -0.4169711030918271111, 5.763050749076029433, 5.732157850365032559 ) ) ;
#62 = ORIENTED_EDGE ( 'NONE', *, *, #1233, .F. ) ;
#63 = CARTESIAN_POINT ( 'NONE',  ( -4.262550633610508122, 20.48557173408247678, 7.270048475365034513 ) ) ;
#64 = CARTESIAN_POINT ( 'NONE',  ( 14.12759139680904852, 27.74710100683859793, 7.319657849281092865 ) ) ;
#65 = CARTESIAN_POINT ( 'NONE',  ( 21.86162415134475268, 13.11946373096619034, 7.694267226448970654 ) ) ;
#66 = CARTESIAN_POINT ( 'NONE',  ( -0.1131769663984139723, 6.066844885769442364, 6.873173474281091266 ) ) ;
#67 = CARTESIAN_POINT ( 'NONE',  ( 8.867079154670740593, 28.17673079511984113, 5.533720350365032736 ) ) ;
#68 = ORIENTED_EDGE ( 'NONE', *, *, #1345, .F. ) ;
#69 = CARTESIAN_POINT ( 'NONE',  ( 8.867079154670740593, 27.74710100683859437, 5.980204726448972607 ) ) ;
#70 = CARTESIAN_POINT ( 'NONE',  ( 8.867079154670740593, 15.04710100683859331, 5.694267226448971542 ) ) ;
#71 = CARTESIAN_POINT ( 'NONE',  ( 21.56707915467076120, 20.30761324897688525, 7.220439099281093398 ) ) ;
#72 = CARTESIAN_POINT ( 'NONE',  ( -4.262550633610511674, 9.608630279594713386, 4.888798475365033092 ) ) ;
#73 = CARTESIAN_POINT ( 'NONE',  ( 21.56707915467073988, 15.04710100683859331, 7.369267226448972252 ) ) ;
#74 = AXIS2_PLACEMENT_3D ( 'NONE', #1342, #533, #654 ) ;
#75 = CIRCLE ( 'NONE', #1933, 3.149999999999999911 ) ;
#76 = CARTESIAN_POINT ( 'NONE',  ( -0.1131769663984139723, 6.066844885769442364, 7.666923474281091444 ) ) ;
#77 = CARTESIAN_POINT ( 'NONE',  ( 3.428608427426850902, 1.917471218557348145, 5.087235975365032914 ) ) ;
#78 = VECTOR ( 'NONE', #346, 1000.000000000000000 ) ;
#79 = VECTOR ( 'NONE', #1811, 999.9999999999998863 ) ;
#80 = ORIENTED_EDGE ( 'NONE', *, *, #1249, .T. ) ;
#81 = FACE_OUTER_BOUND ( 'NONE', #782, .T. ) ;
#82 = CARTESIAN_POINT ( 'NONE',  ( 7.460232552768606418, 2.312638357192619676, 7.694267226448968877 ) ) ;
#83 = DIRECTION ( 'NONE',  ( -1.000000000000000000, 0.000000000000000000, 0.000000000000000000 ) ) ;
#84 = CARTESIAN_POINT ( 'NONE',  ( 21.56707915467072567, 20.30761324897691011, 6.426689099281093220 ) ) ;
#85 = CARTESIAN_POINT ( 'NONE',  ( 3.606566912532426450, 2.347101006838598902, 7.716532849281091622 ) ) ;
#86 = CARTESIAN_POINT ( 'NONE',  ( 14.30554988191462407, 28.17673079511984113, 4.690360975365033269 ) ) ;
#87 = ORIENTED_EDGE ( 'NONE', *, *, #1495, .T. ) ;
#88 = CARTESIAN_POINT ( 'NONE',  ( 8.867079154670738816, 2.347101006838594461, 6.178642224281091444 ) ) ;
#89 = DIRECTION ( 'NONE',  ( 0.000000000000000000, 0.000000000000000000, -1.000000000000000000 ) ) ;
#90 = ORIENTED_EDGE ( 'NONE', *, *, #1760, .F. ) ;
#91 = DIRECTION ( 'NONE',  ( -1.000000000000000000, 0.000000000000000000, 0.000000000000000000 ) ) ;
#92 = LINE ( 'NONE', #1360, #831 ) ;
#93 = VERTEX_POINT ( 'NONE', #358 ) ;
#94 = CARTESIAN_POINT ( 'NONE',  ( 21.56707915467073988, 15.04710100683859331, 6.377079724281092155 ) ) ;
#95 = CARTESIAN_POINT ( 'NONE',  ( 3.428608427426859340, 28.17673079511984113, 7.071610975365032026 ) ) ;
#96 = ADVANCED_FACE ( 'NONE', ( #515 ), #1962, .F. ) ;
#97 = CARTESIAN_POINT ( 'NONE',  ( 18.15112941243330980, 24.33115126460116429, 7.022001600365032736 ) ) ;
#98 = ORIENTED_EDGE ( 'NONE', *, *, #740, .T. ) ;
#99 = CARTESIAN_POINT ( 'NONE',  ( 14.12759139680904852, 27.74710100683859793, 5.732157849281092510 ) ) ;
#100 = CARTESIAN_POINT ( 'NONE',  ( 18.15112941243330624, 5.763050749076025880, 7.518095350365032736 ) ) ;
#101 = DIRECTION ( 'NONE',  ( -0.000000000000000000, -0.000000000000000000, -1.000000000000000000 ) ) ;
#102 = CARTESIAN_POINT ( 'NONE',  ( 8.867079154670740593, 15.04710100683859331, 5.694267226448971542 ) ) ;
#103 = ORIENTED_EDGE ( 'NONE', *, *, #1, .F. ) ;
#104 = CARTESIAN_POINT ( 'NONE',  ( 14.12759139680905207, 2.347101006838596238, 7.022001599281090911 ) ) ;
#105 = CIRCLE ( 'NONE', #765, 3.149999999999999911 ) ;
#106 = CARTESIAN_POINT ( 'NONE',  ( 18.15112941243330624, 5.763050749076025880, 6.029814100365032736 ) ) ;
#107 = ORIENTED_EDGE ( 'NONE', *, *, #1353, .F. ) ;
#108 = CIRCLE ( 'NONE', #402, 3.149999999999999911 ) ;
#109 = AXIS2_PLACEMENT_3D ( 'NONE', #1948, #512, #376 ) ;
#110 = CARTESIAN_POINT ( 'NONE',  ( -3.832920845329261361, 9.786588764700287157, 5.434501601448971542 ) ) ;
#111 = CARTESIAN_POINT ( 'NONE',  ( -3.832920845329258253, 20.30761324897690301, 5.335282851448973851 ) ) ;
#112 = EDGE_LOOP ( 'NONE', ( #432, #957, #658 ) ) ;
#113 = CARTESIAN_POINT ( 'NONE',  ( 18.15112941243330980, 24.33115126460116429, 7.716532850365031670 ) ) ;
#114 = CARTESIAN_POINT ( 'NONE',  ( 17.91873636062295816, 24.51315499256091002, 7.694267226448971542 ) ) ;
#115 = DIRECTION ( 'NONE',  ( -0.000000000000000000, -0.000000000000000000, 1.000000000000000000 ) ) ;
#116 = ORIENTED_EDGE ( 'NONE', *, *, #647, .F. ) ;
#117 = FACE_OUTER_BOUND ( 'NONE', #1560, .T. ) ;
#118 = CARTESIAN_POINT ( 'NONE',  ( 21.56707915467073988, 15.04710100683859331, 7.170829724281091444 ) ) ;
#119 = VERTEX_POINT ( 'NONE', #683 ) ;
#120 = DIRECTION ( 'NONE',  ( 0.7071067811865473507, 8.659560562354931626E-17, -0.7071067811865477948 ) ) ;
#121 = CARTESIAN_POINT ( 'NONE',  ( 3.606566912532434444, 27.74710100683859793, 4.442314101448971542 ) ) ;
#122 = ORIENTED_EDGE ( 'NONE', *, *, #889, .F. ) ;
#123 = CARTESIAN_POINT ( 'NONE',  ( 3.428608427426859340, 28.17673079511984113, 5.484110975365031670 ) ) ;
#124 = CARTESIAN_POINT ( 'NONE',  ( -0.4169711030918271111, 5.763050749076029433, 5.831376600365032914 ) ) ;
#125 = CARTESIAN_POINT ( 'NONE',  ( 10.56707915467074166, -15.95289899316140669, 5.644267226448972607 ) ) ;
#126 = VERTEX_POINT ( 'NONE', #73 ) ;
#127 = CARTESIAN_POINT ( 'NONE',  ( 17.84733527573989420, 24.02735712790774514, 5.087235976448972075 ) ) ;
#128 = CARTESIAN_POINT ( 'NONE',  ( 21.99670894295199020, 15.04710100683859331, 7.716532850365032559 ) ) ;
#129 = ORIENTED_EDGE ( 'NONE', *, *, #1491, .F. ) ;
#130 =( BOUNDED_CURVE ( )  B_SPLINE_CURVE ( 2, ( #1559, #1994, #1184, #1347, #573, #1038, #1710, #1523, #704 ),
 .UNSPECIFIED., .F., .F. ) 
 B_SPLINE_CURVE_WITH_KNOTS ( ( 3, 2, 2, 2, 3 ),
 ( 0.000000000000000000, 0.02499999999999997710, 0.04999999999999995420, 0.07499999999999992784, 0.09999999999999990841 ),
 .UNSPECIFIED. ) 
 CURVE ( )  GEOMETRIC_REPRESENTATION_ITEM ( )  RATIONAL_B_SPLINE_CURVE ( ( 1.000000000000000000, 0.9238795325112867385, 1.000000000000000000, 0.9238795325112867385, 1.000000000000000000, 0.9238795325112867385, 1.000000000000000000, 0.9238795325112870716, 0.9999999999999996669 ) ) 
 REPRESENTATION_ITEM ( '' )  );
#131 = DIRECTION ( 'NONE',  ( -0.000000000000000000, -0.000000000000000000, -1.000000000000000000 ) ) ;
#132 = CARTESIAN_POINT ( 'NONE',  ( -3.832920845329258253, 15.04710100683859508, 5.384892226448972252 ) ) ;
#133 = CARTESIAN_POINT ( 'NONE',  ( 8.867079154670738816, 1.917471218557344592, 5.930595350365032381 ) ) ;
#134 = CARTESIAN_POINT ( 'NONE',  ( -17.97970836264679306, 30.54710100683871943, 4.194267226448972430 ) ) ;
#135 = ADVANCED_FACE ( 'NONE', ( #844 ), #1148, .F. ) ;
#136 = ORIENTED_EDGE ( 'NONE', *, *, #1724, .F. ) ;
#137 = CARTESIAN_POINT ( 'NONE',  ( 3.428608427426859340, 28.17673079511984113, 6.377079725365033980 ) ) ;
#138 = ADVANCED_FACE ( 'NONE', ( #223 ), #17, .F. ) ;
#139 = DIRECTION ( 'NONE',  ( -0.000000000000000000, -0.000000000000000000, -1.000000000000000000 ) ) ;
#140 = PRESENTATION_LAYER_ASSIGNMENT (  '', '', ( #1159 ) ) ;
#141 = AXIS2_PLACEMENT_3D ( 'NONE', #552, #1013, #406 ) ;
#142 = CARTESIAN_POINT ( 'NONE',  ( 21.99670894295199020, 15.04710100683859331, 4.541532850365032736 ) ) ;
#143 = ORIENTED_EDGE ( 'NONE', *, *, #279, .F. ) ;
#144 = CARTESIAN_POINT ( 'NONE',  ( -3.137203536885605271, 10.86696611516942212, 7.694267226448971542 ) ) ;
#145 = CARTESIAN_POINT ( 'NONE',  ( 14.30554988191462940, 1.917471218557346369, 5.186454725365032381 ) ) ;
#146 = CARTESIAN_POINT ( 'NONE',  ( 21.99670894295199020, 15.04710100683859331, 4.491923475365032559 ) ) ;
#147 = CIRCLE ( 'NONE', #969, 35.50000000000000711 ) ;
#148 = CARTESIAN_POINT ( 'NONE',  ( -0.4169711030918236139, 24.33115126460116429, 7.121220350365032203 ) ) ;
#149 = CARTESIAN_POINT ( 'NONE',  ( 21.99670894295198664, 9.608630279594702728, 6.873173475365033092 ) ) ;
#150 = EDGE_CURVE ( 'NONE', #1021, #1239, #666, .T. ) ;
#151 = ORIENTED_EDGE ( 'NONE', *, *, #607, .F. ) ;
#152 = CARTESIAN_POINT ( 'NONE',  ( 21.56707915467073988, 15.04710100683859331, 7.369267226448972252 ) ) ;
#153 = CARTESIAN_POINT ( 'NONE',  ( 35.71386667198848386, 30.54710100683834639, 5.644267226448972607 ) ) ;
#154 = ORIENTED_EDGE ( 'NONE', *, *, #1808, .T. ) ;
#155 = CARTESIAN_POINT ( 'NONE',  ( 21.99670894295199020, 15.04710100683859331, 4.541532850365032736 ) ) ;
#156 = DIRECTION ( 'NONE',  ( 0.000000000000000000, 0.000000000000000000, -1.000000000000000000 ) ) ;
#157 = CARTESIAN_POINT ( 'NONE',  ( 18.15112941243330980, 24.33115126460116429, 6.129032850365032203 ) ) ;
#158 = ORIENTED_EDGE ( 'NONE', *, *, #56, .T. ) ;
#159 = LINE ( 'NONE', #1432, #21 ) ;
#160 = EDGE_CURVE ( 'NONE', #1691, #256, #1041, .T. ) ;
#161 = DIRECTION ( 'NONE',  ( -1.000000000000000000, 0.000000000000000000, 0.000000000000000000 ) ) ;
#162 = VERTEX_POINT ( 'NONE', #215 ) ;
#163 = CARTESIAN_POINT ( 'NONE',  ( -0.4169711030918236139, 24.33115126460116429, 6.426689100365032381 ) ) ;
#164 = PLANE ( 'NONE',  #1130 ) ;
#165 = CARTESIAN_POINT ( 'NONE',  ( -4.262550633610511674, 9.608630279594713386, 6.476298475365032559 ) ) ;
#166 = CARTESIAN_POINT ( 'NONE',  ( 8.867079154670740593, 27.74710100683859437, 5.781767224281091799 ) ) ;
#167 = VERTEX_POINT ( 'NONE', #1017 ) ;
#168 = DIRECTION ( 'NONE',  ( 1.000000000000000000, 0.000000000000000000, 0.000000000000000000 ) ) ;
#169 = ORIENTED_EDGE ( 'NONE', *, *, #1085, .F. ) ;
#170 = CARTESIAN_POINT ( 'NONE',  ( 38.86386667198815559, -0.4528989931617193321, 4.194267226448972430 ) ) ;
#171 = AXIS2_PLACEMENT_3D ( 'NONE', #102, #1726, #1384 ) ;
#172 = VECTOR ( 'NONE', #884, 1000.000000000000000 ) ;
#173 = DIRECTION ( 'NONE',  ( 0.000000000000000000, 0.000000000000000000, -1.000000000000000000 ) ) ;
#174 = EDGE_CURVE ( 'NONE', #362, #519, #1636, .T. ) ;
#175 = VECTOR ( 'NONE', #679, 999.9999999999998863 ) ;
#176 = AXIS2_PLACEMENT_3D ( 'NONE', #1623, #1165, #833 ) ;
#177 = CARTESIAN_POINT ( 'NONE',  ( 18.15112941243330624, 5.763050749076025880, 6.724345350365031670 ) ) ;
#178 = CARTESIAN_POINT ( 'NONE',  ( 17.84733527573989420, 24.02735712790774514, 5.682548474281091444 ) ) ;
#179 = CARTESIAN_POINT ( 'NONE',  ( -0.4169711030918236139, 24.33115126460116429, 6.327470350365032026 ) ) ;
#180 = CARTESIAN_POINT ( 'NONE',  ( 14.12759139680904852, 27.74710100683859793, 5.930595351448972430 ) ) ;
#181 = CARTESIAN_POINT ( 'NONE',  ( 8.867079154670738816, 1.917471218557344592, 7.518095350365032736 ) ) ;
#182 = DIRECTION ( 'NONE',  ( -1.000000000000000000, 0.000000000000000000, 0.000000000000000000 ) ) ;
#183 = CARTESIAN_POINT ( 'NONE',  ( 21.56707915467073988, 15.04710100683859331, 5.694267226448971542 ) ) ;
#184 = CARTESIAN_POINT ( 'NONE',  ( 21.56707915467073988, 15.04710100683859331, 4.988017226448972607 ) ) ;
#185 = CARTESIAN_POINT ( 'NONE',  ( 14.30554988191462584, 28.17673079511984113, 5.384892225365033980 ) ) ;
#186 = LINE ( 'NONE', #1124, #525 ) ;
#187 = ORIENTED_EDGE ( 'NONE', *, *, #351, .T. ) ;
#188 = CARTESIAN_POINT ( 'NONE',  ( 14.30554988191462940, 1.917471218557346369, 6.773954725365032736 ) ) ;
#189 = CARTESIAN_POINT ( 'NONE',  ( 21.56707915467073988, 15.04710100683859331, 6.575517226448972075 ) ) ;
#190 = CARTESIAN_POINT ( 'NONE',  ( -0.1131769663984105029, 24.02735712790774514, 7.666923476448972430 ) ) ;
#191 =( BOUNDED_CURVE ( )  B_SPLINE_CURVE ( 2, ( #722, #1521, #1174, #1982, #88, #1366, #549, #1196, #1540 ),
 .UNSPECIFIED., .F., .T. ) 
 B_SPLINE_CURVE_WITH_KNOTS ( ( 3, 2, 2, 2, 3 ),
 ( 0.2999999999999999334, 0.3249999999999999556, 0.3499999999999999778, 0.3750000000000000000, 0.4000000000000000777 ),
 .UNSPECIFIED. ) 
 CURVE ( )  GEOMETRIC_REPRESENTATION_ITEM ( )  RATIONAL_B_SPLINE_CURVE ( ( 1.000000000000000222, 0.9238795325112865164, 1.000000000000000000, 0.9238795325112867385, 1.000000000000000000, 0.9238795325112867385, 1.000000000000000000, 0.9238795325112865164, 1.000000000000000222 ) ) 
 REPRESENTATION_ITEM ( '' )  );
#192 = DIRECTION ( 'NONE',  ( -0.000000000000000000, -0.000000000000000000, -1.000000000000000000 ) ) ;
#193 = PRODUCT_DEFINITION_SHAPE ( 'NONE', 'NONE',  #1923 ) ;
#194 = ADVANCED_FACE ( 'NONE', ( #1302 ), #1932, .F. ) ;
#195 = EDGE_LOOP ( 'NONE', ( #1071, #1970 ) ) ;
#196 = DIRECTION ( 'NONE',  ( -0.000000000000000000, -0.000000000000000000, -1.000000000000000000 ) ) ;
#197 = LINE ( 'NONE', #671, #596 ) ;
#198 = CARTESIAN_POINT ( 'NONE',  ( -1.832258947375298153, 21.88919400272320459, 7.694037751410497172 ) ) ;
#199 = CARTESIAN_POINT ( 'NONE',  ( 13.15907875357938650, 2.872380163592527680, 7.694267226448968877 ) ) ;
#200 = CARTESIAN_POINT ( 'NONE',  ( -0.1131769663984105029, 24.02735712790774514, 6.873173476448972252 ) ) ;
#201 = AXIS2_PLACEMENT_3D ( 'NONE', #1929, #1337, #1972 ) ;
#202 = CARTESIAN_POINT ( 'NONE',  ( 19.66456026164606641, 22.51714653024962942, 7.694267226448970654 ) ) ;
#203 = VECTOR ( 'NONE', #1700, 1000.000000000000000 ) ;
#204 = VECTOR ( 'NONE', #1190, 999.9999999999998863 ) ;
#205 = CARTESIAN_POINT ( 'NONE',  ( 14.30554988191462407, 28.17673079511984113, 5.384892225365033980 ) ) ;
#206 = EDGE_CURVE ( 'NONE', #721, #545, #454, .T. ) ;
#207 = CARTESIAN_POINT ( 'NONE',  ( 21.99670894295199020, 15.04710100683859331, 6.129032850365033092 ) ) ;
#208 = ORIENTED_EDGE ( 'NONE', *, *, #1603, .F. ) ;
#209 = DIRECTION ( 'NONE',  ( 0.7071067811865473507, 8.659560562354931626E-17, -0.7071067811865477948 ) ) ;
#210 = CARTESIAN_POINT ( 'NONE',  ( 21.78417111052280575, 12.69424874173900797, 7.694267226448971542 ) ) ;
#211 = ADVANCED_FACE ( 'NONE', ( #742 ), #1541, .F. ) ;
#212 = CARTESIAN_POINT ( 'NONE',  ( 34.01386667198848102, 30.54710100683834639, 7.694267226448971542 ) ) ;
#213 = CARTESIAN_POINT ( 'NONE',  ( 21.01978177237706547, 10.16864887358170932, 7.694267226448969765 ) ) ;
#214 = CARTESIAN_POINT ( 'NONE',  ( 21.99670894295199020, 20.48557173408247678, 4.491923475365032559 ) ) ;
#215 = CARTESIAN_POINT ( 'NONE',  ( 37.41386667198815985, -0.4528989931617194986, 7.694267226448971542 ) ) ;
#216 = CARTESIAN_POINT ( 'NONE',  ( 3.606566912532434444, 27.74710100683859793, 6.625126599281092155 ) ) ;
#217 = CARTESIAN_POINT ( 'NONE',  ( 21.99670894295198664, 9.608630279594702728, 5.980204725365032559 ) ) ;
#218 = EDGE_LOOP ( 'NONE', ( #1245, #1261, #1873, #1506, #455, #1527, #1730, #1782, #678, #628, #1985 ) ) ;
#219 = CARTESIAN_POINT ( 'NONE',  ( 35.71386667198815701, -0.4528989931617197207, 4.194267226448972430 ) ) ;
#220 = EDGE_CURVE ( 'NONE', #1431, #167, #463, .T. ) ;
#221 = CARTESIAN_POINT ( 'NONE',  ( 21.56707915467073633, 20.30761324897690656, 5.632939099281091266 ) ) ;
#222 = CARTESIAN_POINT ( 'NONE',  ( -3.832920845329258253, 15.04710100683859508, 6.773954724281091799 ) ) ;
#223 = FACE_OUTER_BOUND ( 'NONE', #412, .T. ) ;
#224 = CARTESIAN_POINT ( 'NONE',  ( -0.1131769663984105029, 24.02735712790774514, 6.674735974281091444 ) ) ;
#225 = CARTESIAN_POINT ( 'NONE',  ( 14.30554988191462584, 1.917471218557346369, 7.468485975365032559 ) ) ;
#226 = EDGE_LOOP ( 'NONE', ( #905, #418, #1059, #871 ) ) ;
#227 = CARTESIAN_POINT ( 'NONE',  ( -3.832920845329258253, 15.04710100683859508, 5.384892226448972252 ) ) ;
#228 = FACE_OUTER_BOUND ( 'NONE', #1031, .T. ) ;
#229 = DIRECTION ( 'NONE',  ( -1.000000000000000000, 0.000000000000000000, 0.000000000000000000 ) ) ;
#230 = CARTESIAN_POINT ( 'NONE',  ( 3.428608427426850902, 1.917471218557348145, 4.988017225365031670 ) ) ;
#231 = DIRECTION ( 'NONE',  ( -0.000000000000000000, -0.000000000000000000, -1.000000000000000000 ) ) ;
#232 = CARTESIAN_POINT ( 'NONE',  ( -0.1131769663984139723, 6.066844885769442364, 4.690360976448972430 ) ) ;
#233 = EDGE_CURVE ( 'NONE', #93, #1586, #729, .T. ) ;
#234 = B_SPLINE_CURVE_WITH_KNOTS ( 'NONE', 3,
 ( #1274, #1905, #599, #319, #1884, #1084, #1734, #929, #470, #1757, #1578, #144, #3, #1743, #1108, #1596, #629, #1915 ),
 .UNSPECIFIED., .F., .F.,
 ( 4, 2, 2, 2, 2, 2, 2, 2, 4 ),
 ( 0.8399754857310490763, 0.8599785500146679418, 0.8799816142982868072, 0.8999846785819056727, 0.9199877428655245382, 0.9399908071491434036, 0.9599938714327622691, 0.9799969357163811345, 1.000000000000000000 ),
 .UNSPECIFIED. ) ;
#235 = AXIS2_PLACEMENT_3D ( 'NONE', #1895, #1262, #1095 ) ;
#236 = FACE_OUTER_BOUND ( 'NONE', #261, .T. ) ;
#237 = CARTESIAN_POINT ( 'NONE',  ( 21.99670894295199020, 15.04710100683859331, 4.541532850365032736 ) ) ;
#238 = CIRCLE ( 'NONE', #1106, 1.700000000000000178 ) ;
#239 = AXIS2_PLACEMENT_3D ( 'NONE', #1050, #562, #1175 ) ;
#240 = CARTESIAN_POINT ( 'NONE',  ( 21.99670894295199020, 15.04710100683859331, 6.922782850365032381 ) ) ;
#241 = ORIENTED_EDGE ( 'NONE', *, *, #1679, .T. ) ;
#242 = CARTESIAN_POINT ( 'NONE',  ( 8.867079154670740593, 15.04710100683859331, 7.694267226448971542 ) ) ;
#243 = CARTESIAN_POINT ( 'NONE',  ( 10.06686240720592984, 2.215791539103971086, 7.694267226448969765 ) ) ;
#244 = CARTESIAN_POINT ( 'NONE',  ( -4.262550633610511674, 9.608630279594713386, 5.682548475365032381 ) ) ;
#245 = CARTESIAN_POINT ( 'NONE',  ( -3.832920845329258253, 15.04710100683859508, 4.591142226448972075 ) ) ;
#246 = CARTESIAN_POINT ( 'NONE',  ( -0.1131769663984105029, 24.02735712790774514, 6.674735974281091444 ) ) ;
#247 = ADVANCED_FACE ( 'NONE', ( #1858 ), #255, .F. ) ;
#248 = DIRECTION ( 'NONE',  ( -0.000000000000000000, -0.000000000000000000, -1.000000000000000000 ) ) ;
#249 = CARTESIAN_POINT ( 'NONE',  ( -0.4169711030918236139, 24.33115126460116429, 7.914970350365032381 ) ) ;
#250 = ORIENTED_EDGE ( 'NONE', *, *, #277, .F. ) ;
#251 = FACE_BOUND ( 'NONE', #967, .T. ) ;
#252 = CARTESIAN_POINT ( 'NONE',  ( 14.12759139680905207, 2.347101006838596238, 6.426689101448972430 ) ) ;
#253 = CARTESIAN_POINT ( 'NONE',  ( -0.4169711030918271111, 5.763050749076029433, 6.525907850365032736 ) ) ;
#254 = LINE ( 'NONE', #1055, #1911 ) ;
#255 = CYLINDRICAL_SURFACE ( 'NONE', #623, 1.699999999999999289 ) ;
#256 = VERTEX_POINT ( 'NONE', #1868 ) ;
#257 = CARTESIAN_POINT ( 'NONE',  ( -3.832920845329258253, 20.30761324897690301, 6.724345349281091622 ) ) ;
#258 = CARTESIAN_POINT ( 'NONE',  ( 8.867079154670738816, 1.917471218557344592, 5.930595350365032381 ) ) ;
#259 =( BOUNDED_CURVE ( )  B_SPLINE_CURVE ( 2, ( #189, #348, #505, #1493, #1166, #994, #1145, #1481, #1153 ),
 .UNSPECIFIED., .F., .F. ) 
 B_SPLINE_CURVE_WITH_KNOTS ( ( 3, 2, 2, 2, 3 ),
 ( 0.5999999999999999778, 0.6250000000000000000, 0.6499999999999999112, 0.6749999999999999334, 0.6999999999999998446 ),
 .UNSPECIFIED. ) 
 CURVE ( )  GEOMETRIC_REPRESENTATION_ITEM ( )  RATIONAL_B_SPLINE_CURVE ( ( 1.000000000000000000, 0.9238795325112867385, 1.000000000000000000, 0.9238795325112867385, 1.000000000000000000, 0.9238795325112867385, 1.000000000000000000, 0.9238795325112870716, 0.9999999999999996669 ) ) 
 REPRESENTATION_ITEM ( '' )  );
#260 = EDGE_CURVE ( 'NONE', #1107, #1722, #1836, .T. ) ;
#261 = EDGE_LOOP ( 'NONE', ( #688, #1632, #1057, #1920 ) ) ;
#262 = CARTESIAN_POINT ( 'NONE',  ( -3.832920845329258253, 15.04710100683859508, 6.972392226448971719 ) ) ;
#263 = FACE_OUTER_BOUND ( 'NONE', #226, .T. ) ;
#264 = DIRECTION ( 'NONE',  ( -0.000000000000000000, -0.000000000000000000, -1.000000000000000000 ) ) ;
#265 = DIRECTION ( 'NONE',  ( -0.000000000000000000, -0.000000000000000000, 1.000000000000000000 ) ) ;
#266 = ORIENTED_EDGE ( 'NONE', *, *, #1693, .T. ) ;
#267 = CARTESIAN_POINT ( 'NONE',  ( 21.99670894295198664, 9.608630279594702728, 7.567704725365032026 ) ) ;
#268 = CARTESIAN_POINT ( 'NONE',  ( 19.66456026164606641, 22.51714653024962942, 7.694267226448970654 ) ) ;
#269 = CARTESIAN_POINT ( 'NONE',  ( -3.832920845329258253, 15.04710100683859508, 7.694267226448971542 ) ) ;
#270 = ORIENTED_EDGE ( 'NONE', *, *, #1073, .F. ) ;
#271 = CARTESIAN_POINT ( 'NONE',  ( 8.867079154670738816, 2.347101006838594461, 4.789579726448972785 ) ) ;
#272 = CARTESIAN_POINT ( 'NONE',  ( 3.428608427426850902, 1.917471218557348145, 7.369267225365033980 ) ) ;
#273 = CIRCLE ( 'NONE', #1410, 1.700000000000000178 ) ;
#274 = CARTESIAN_POINT ( 'NONE',  ( 8.867079154670738816, 1.917471218557344592, 7.518095350365032736 ) ) ;
#275 = EDGE_LOOP ( 'NONE', ( #1423, #948 ) ) ;
#276 = AXIS2_PLACEMENT_3D ( 'NONE', #42, #667, #1955 ) ;
#277 = EDGE_CURVE ( 'NONE', #837, #589, #105, .T. ) ;
#278 = CARTESIAN_POINT ( 'NONE',  ( 2.965643181972222209, 3.768281483927407027, 7.694267226448973318 ) ) ;
#279 = EDGE_CURVE ( 'NONE', #1587, #561, #1339, .T. ) ;
#280 = CARTESIAN_POINT ( 'NONE',  ( 12.92473119323356201, 27.39666644302775467, 7.694267226448975094 ) ) ;
#281 = CARTESIAN_POINT ( 'NONE',  ( -21.12970836264679164, 30.54710100683871943, 4.194267226448972430 ) ) ;
#282 = EDGE_LOOP ( 'NONE', ( #1142, #1753, #937, #1819 ) ) ;
#283 = CARTESIAN_POINT ( 'NONE',  ( 21.56707915467073988, 20.30761324897690301, 4.243876601448972607 ) ) ;
#284 = CARTESIAN_POINT ( 'NONE',  ( 3.428608427426859340, 28.17673079511984113, 7.170829725365032381 ) ) ;
#285 = ORIENTED_EDGE ( 'NONE', *, *, #1353, .T. ) ;
#286 = DIRECTION ( 'NONE',  ( -0.000000000000000000, -0.000000000000000000, -1.000000000000000000 ) ) ;
#287 = LINE ( 'NONE', #170, #595 ) ;
#288 = EDGE_CURVE ( 'NONE', #362, #1365, #1191, .T. ) ;
#289 = CARTESIAN_POINT ( 'NONE',  ( -4.262550633610508122, 20.48557173408247678, 4.888798475365033092 ) ) ;
#290 = ADVANCED_FACE ( 'NONE', ( #1205 ), #913, .F. ) ;
#291 = EDGE_LOOP ( 'NONE', ( #1000, #1061, #1308, #151 ) ) ;
#292 = CARTESIAN_POINT ( 'NONE',  ( -0.4169711030918236139, 24.33115126460116429, 8.014189100365033624 ) ) ;
#293 = VERTEX_POINT ( 'NONE', #125 ) ;
#294 = CARTESIAN_POINT ( 'NONE',  ( 37.41386667198815985, -0.4528989931617194986, 5.644267226448972607 ) ) ;
#295 = ORIENTED_EDGE ( 'NONE', *, *, #972, .F. ) ;
#296 = DIRECTION ( 'NONE',  ( -1.000000000000000000, 0.000000000000000000, 0.000000000000000000 ) ) ;
#297 = CARTESIAN_POINT ( 'NONE',  ( 1.754253412721738625, 25.72864965314981589, 7.694267226448968877 ) ) ;
#298 = CARTESIAN_POINT ( 'NONE',  ( 44.36707915467074770, 15.04710100683859331, 7.694267226448971542 ) ) ;
#299 = EDGE_CURVE ( 'NONE', #1285, #1365, #1963, .T. ) ;
#300 = CARTESIAN_POINT ( 'NONE',  ( 3.428608427426851346, 1.917471218557347923, 4.988017225365032559 ) ) ;
#301 = CARTESIAN_POINT ( 'NONE',  ( -0.1131769663984105029, 24.02735712790774514, 5.285673476448971897 ) ) ;
#302 = CARTESIAN_POINT ( 'NONE',  ( -4.262550633610511674, 9.608630279594713386, 7.369267225365033980 ) ) ;
#303 = ORIENTED_EDGE ( 'NONE', *, *, #496, .F. ) ;
#304 = CIRCLE ( 'NONE', #365, 3.149999999999999911 ) ;
#305 = CONICAL_SURFACE ( 'NONE', #334, 3.149999999999999911, 0.7853981633974480570 ) ;
#306 = ORIENTED_EDGE ( 'NONE', *, *, #752, .T. ) ;
#307 = DIRECTION ( 'NONE',  ( -1.000000000000000000, 0.000000000000000000, 0.000000000000000000 ) ) ;
#308 = CIRCLE ( 'NONE', #1371, 1.700000000000000178 ) ;
#309 = CARTESIAN_POINT ( 'NONE',  ( -0.2274493227276079277, 23.99250529033236390, 7.694267226448967989 ) ) ;
#310 = DIRECTION ( 'NONE',  ( 0.000000000000000000, 0.000000000000000000, 1.000000000000000000 ) ) ;
#311 = CARTESIAN_POINT ( 'NONE',  ( 8.867079154670738816, 1.917471218557344592, 7.418876600365032381 ) ) ;
#312 = DIRECTION ( 'NONE',  ( -1.000000000000000000, 0.000000000000000000, 0.000000000000000000 ) ) ;
#313 = CARTESIAN_POINT ( 'NONE',  ( -4.262550633610511674, 9.608630279594713386, 6.575517225365032026 ) ) ;
#314 = EDGE_CURVE ( 'NONE', #1722, #901, #92, .T. ) ;
#315 = ORIENTED_EDGE ( 'NONE', *, *, #1794, .T. ) ;
#316 = DIRECTION ( 'NONE',  ( -1.000000000000000000, 0.000000000000000000, 0.000000000000000000 ) ) ;
#317 = EDGE_CURVE ( 'NONE', #1321, #928, #59, .T. ) ;
#318 = VERTEX_POINT ( 'NONE', #298 ) ;
#319 = CARTESIAN_POINT ( 'NONE',  ( 0.3639604629978459016, 5.598698195731158123, 7.694267226448971542 ) ) ;
#320 = CARTESIAN_POINT ( 'NONE',  ( 8.867079154670740593, 28.17673079511984113, 5.533720350365032736 ) ) ;
#321 = CARTESIAN_POINT ( 'NONE',  ( 8.867079154670740593, 15.04710100683859331, 4.194267226448972430 ) ) ;
#322 = CARTESIAN_POINT ( 'NONE',  ( 21.99670894295198664, 9.608630279594700951, 5.186454725365032381 ) ) ;
#323 = ORIENTED_EDGE ( 'NONE', *, *, #1787, .F. ) ;
#324 = DIRECTION ( 'NONE',  ( -0.000000000000000000, -0.000000000000000000, 1.000000000000000000 ) ) ;
#325 = CARTESIAN_POINT ( 'NONE',  ( -17.97970836264679306, 30.54710100683871943, 4.194267226448972430 ) ) ;
#326 = ORIENTED_EDGE ( 'NONE', *, *, #174, .F. ) ;
#327 = DIRECTION ( 'NONE',  ( -0.000000000000000000, -0.000000000000000000, -1.000000000000000000 ) ) ;
#328 = CARTESIAN_POINT ( 'NONE',  ( 21.99670894295199020, 20.48557173408247678, 5.384892225365033980 ) ) ;
#329 = LINE ( 'NONE', #1758, #495 ) ;
#330 = CARTESIAN_POINT ( 'NONE',  ( 14.30554988191462940, 1.917471218557346369, 5.880985975365032203 ) ) ;
#331 = CARTESIAN_POINT ( 'NONE',  ( 3.428608427426859340, 28.17673079511984113, 4.690360975365033269 ) ) ;
#332 = VERTEX_POINT ( 'NONE', #1438 ) ;
#333 = AXIS2_PLACEMENT_3D ( 'NONE', #1242, #1988, #1043 ) ;
#334 = AXIS2_PLACEMENT_3D ( 'NONE', #8, #1576, #1434 ) ;
#335 = CYLINDRICAL_SURFACE ( 'NONE', #1283, 35.50000000000000711 ) ;
#336 = DIRECTION ( 'NONE',  ( -1.000000000000000000, 0.000000000000000000, -0.000000000000000000 ) ) ;
#337 = CARTESIAN_POINT ( 'NONE',  ( 21.78417111052280575, 12.69424874173900797, 7.694267226448971542 ) ) ;
#338 = AXIS2_PLACEMENT_3D ( 'NONE', #744, #1388, #581 ) ;
#339 =( BOUNDED_CURVE ( )  B_SPLINE_CURVE ( 2, ( #1841, #1380, #1853, #1051, #1984, #121, #883, #1697, #748 ),
 .UNSPECIFIED., .F., .F. ) 
 B_SPLINE_CURVE_WITH_KNOTS ( ( 3, 2, 2, 2, 3 ),
 ( 0.000000000000000000, 0.02499999999999998057, 0.04999999999999996114, 0.07499999999999992784, 0.09999999999999992228 ),
 .UNSPECIFIED. ) 
 CURVE ( )  GEOMETRIC_REPRESENTATION_ITEM ( )  RATIONAL_B_SPLINE_CURVE ( ( 1.000000000000000000, 0.9238795325112867385, 1.000000000000000000, 0.9238795325112867385, 1.000000000000000000, 0.9238795325112867385, 1.000000000000000000, 0.9238795325112869605, 0.9999999999999997780 ) ) 
 REPRESENTATION_ITEM ( '' )  );
#340 = VECTOR ( 'NONE', #46, 1000.000000000000000 ) ;
#341 = CARTESIAN_POINT ( 'NONE',  ( 3.428608427426859340, 28.17673079511984113, 5.484110975365032559 ) ) ;
#342 = CARTESIAN_POINT ( 'NONE',  ( 21.56707915467073988, 20.30761324897690301, 5.632939099281092155 ) ) ;
#343 = CARTESIAN_POINT ( 'NONE',  ( -4.262550633610508122, 15.04710100683859508, 6.426689100365032381 ) ) ;
#344 = CARTESIAN_POINT ( 'NONE',  ( 21.99670894295199020, 15.04710100683859331, 5.335282850365032914 ) ) ;
#345 = ORIENTED_EDGE ( 'NONE', *, *, #1519, .T. ) ;
#346 = DIRECTION ( 'NONE',  ( -0.000000000000000000, -0.000000000000000000, 1.000000000000000000 ) ) ;
#347 = CARTESIAN_POINT ( 'NONE',  ( 35.71386667198848386, 30.54710100683834639, 4.194267226448972430 ) ) ;
#348 = CARTESIAN_POINT ( 'NONE',  ( 21.56707915467073988, 20.30761324897690301, 6.625126601448972252 ) ) ;
#349 = CARTESIAN_POINT ( 'NONE',  ( 21.99670894295199020, 15.04710100683859331, 5.236064100365032559 ) ) ;
#350 = CARTESIAN_POINT ( 'NONE',  ( 21.51825521671666408, 18.66202859338212150, 7.694267226448973318 ) ) ;
#351 = EDGE_CURVE ( 'NONE', #714, #1477, #1744, .T. ) ;
#352 = CARTESIAN_POINT ( 'NONE',  ( 21.99670894295199020, 15.04710100683859331, 4.442314100365032381 ) ) ;
#353 = EDGE_LOOP ( 'NONE', ( #2000, #1230, #780, #29 ) ) ;
#354 = CARTESIAN_POINT ( 'NONE',  ( -3.832920845329258253, 15.04710100683859508, 4.194267226448972430 ) ) ;
#355 = LINE ( 'NONE', #57, #79 ) ;
#356 = CARTESIAN_POINT ( 'NONE',  ( 17.84733527573989420, 24.02735712790774514, 7.468485976448972607 ) ) ;
#357 = CARTESIAN_POINT ( 'NONE',  ( 21.56707915467073988, 15.04710100683859331, 6.575517226448972075 ) ) ;
#358 = CARTESIAN_POINT ( 'NONE',  ( 21.56707915467073988, 15.04710100683859331, 5.583329724281091977 ) ) ;
#359 = CARTESIAN_POINT ( 'NONE',  ( -2.194205181525553439, 22.12065507895403016, 8.041068255213110305 ) ) ;
#360 = CARTESIAN_POINT ( 'NONE',  ( 21.99670894295199020, 20.48557173408247678, 5.285673475365033624 ) ) ;
#361 = CARTESIAN_POINT ( 'NONE',  ( 21.99670894295198664, 9.608630279594702728, 6.079423475365032026 ) ) ;
#362 = VERTEX_POINT ( 'NONE', #12 ) ;
#363 = CARTESIAN_POINT ( 'NONE',  ( -14.82970836264689574, -0.4528989931613446318, 4.194267226448972430 ) ) ;
#364 = FACE_OUTER_BOUND ( 'NONE', #1846, .T. ) ;
#365 = AXIS2_PLACEMENT_3D ( 'NONE', #1627, #192, #1942 ) ;
#366 = DIRECTION ( 'NONE',  ( -1.000000000000000000, 0.000000000000000000, 0.000000000000000000 ) ) ;
#367 = CARTESIAN_POINT ( 'NONE',  ( 21.99670894295199020, 15.04710100683859331, 4.442314100365032381 ) ) ;
#368 = CARTESIAN_POINT ( 'NONE',  ( 14.12759139680905207, 2.347101006838596238, 4.839189101448972075 ) ) ;
#369 = AXIS2_PLACEMENT_3D ( 'NONE', #1558, #1685, #1530 ) ;
#370 = CIRCLE ( 'NONE', #1248, 35.50000000000000711 ) ;
#371 = CARTESIAN_POINT ( 'NONE',  ( -0.1131769663984105029, 24.02735712790774514, 7.468485974281091622 ) ) ;
#372 = EDGE_CURVE ( 'NONE', #1499, #502, #32, .T. ) ;
#373 = CARTESIAN_POINT ( 'NONE',  ( 21.99670894295199020, 20.48557173408247678, 6.079423475365032026 ) ) ;
#374 = ADVANCED_FACE ( 'NONE', ( #612 ), #1887, .F. ) ;
#375 = DIRECTION ( 'NONE',  ( -1.000000000000000000, 0.000000000000000000, 0.000000000000000000 ) ) ;
#376 = DIRECTION ( 'NONE',  ( -1.000000000000000000, 0.000000000000000000, 0.000000000000000000 ) ) ;
#377 = CARTESIAN_POINT ( 'NONE',  ( -1.832258947375298153, 21.88919400272320459, 7.694037751410497172 ) ) ;
#378 = CARTESIAN_POINT ( 'NONE',  ( 8.867079154670740593, 27.74710100683859437, 6.773954726448972785 ) ) ;
#379 = CARTESIAN_POINT ( 'NONE',  ( -1.088871016062847863, 23.05166307824331184, 8.275248583097855715 ) ) ;
#380 = CARTESIAN_POINT ( 'NONE',  ( 21.99670894295199020, 20.48557173408247678, 7.666923475365033269 ) ) ;
#381 = CARTESIAN_POINT ( 'NONE',  ( -14.82970836264679093, 30.54710100683871943, 4.194267226448972430 ) ) ;
#382 = ADVANCED_FACE ( 'NONE', ( #1908, #785, #620, #450, #1097, #942, #1580, #1265 ), #164, .F. ) ;
#383 = CARTESIAN_POINT ( 'NONE',  ( 3.606566912532426450, 2.347101006838598458, 5.533720351448971897 ) ) ;
#384 = CARTESIAN_POINT ( 'NONE',  ( 5.396808362177559992, 2.751554735916148964, 7.694267226448970654 ) ) ;
#385 = CARTESIAN_POINT ( 'NONE',  ( -3.832920845329258253, 15.04710100683859508, 6.972392226448971719 ) ) ;
#386 = CARTESIAN_POINT ( 'NONE',  ( 10.56707915467074166, -15.95289899316140669, 4.194267226448972430 ) ) ;
#387 = CARTESIAN_POINT ( 'NONE',  ( 8.867079154670738816, 2.347101006838594461, 4.789579726448972785 ) ) ;
#388 = CARTESIAN_POINT ( 'NONE',  ( -3.832920845329258253, 15.04710100683859508, 7.567704724281091089 ) ) ;
#389 = CARTESIAN_POINT ( 'NONE',  ( 14.30554988191462584, 1.917471218557346369, 5.186454725365032381 ) ) ;
#390 = CARTESIAN_POINT ( 'NONE',  ( 18.15112941243330624, 5.763050749076025880, 6.823564100365032914 ) ) ;
#391 = ORIENTED_EDGE ( 'NONE', *, *, #492, .T. ) ;
#392 = DIRECTION ( 'NONE',  ( -0.000000000000000000, -0.000000000000000000, -1.000000000000000000 ) ) ;
#393 = FACE_BOUND ( 'NONE', #195, .T. ) ;
#394 = CARTESIAN_POINT ( 'NONE',  ( 14.30554988191462584, 1.917471218557346369, 7.468485975365032559 ) ) ;
#395 = EDGE_CURVE ( 'NONE', #561, #1389, #1276, .T. ) ;
#396 = FACE_OUTER_BOUND ( 'NONE', #2023, .T. ) ;
#397 = CARTESIAN_POINT ( 'NONE',  ( 8.867079154670740593, 15.04710100683859331, 5.694267226448971542 ) ) ;
#398 = CIRCLE ( 'NONE', #431, 3.149999999999999911 ) ;
#399 = EDGE_LOOP ( 'NONE', ( #1719, #87, #1281, #1083 ) ) ;
#400 = CARTESIAN_POINT ( 'NONE',  ( 8.867079154670740593, 27.74710100683859437, 6.575517224281091977 ) ) ;
#401 = CARTESIAN_POINT ( 'NONE',  ( -0.4169711030918236139, 24.33115126460116429, 5.632939100365032203 ) ) ;
#402 = AXIS2_PLACEMENT_3D ( 'NONE', #848, #196, #1800 ) ;
#403 = AXIS2_PLACEMENT_3D ( 'NONE', #1204, #1998, #408 ) ;
#404 = CARTESIAN_POINT ( 'NONE',  ( 10.56707915467074166, 46.04710100683859508, 4.194267226448972430 ) ) ;
#405 = DIRECTION ( 'NONE',  ( -0.000000000000000000, -0.000000000000000000, -1.000000000000000000 ) ) ;
#406 = DIRECTION ( 'NONE',  ( -1.000000000000000000, 0.000000000000000000, 0.000000000000000000 ) ) ;
#407 = CARTESIAN_POINT ( 'NONE',  ( 21.99670894295199020, 15.04710100683859331, 6.823564100365032026 ) ) ;
#408 = DIRECTION ( 'NONE',  ( -1.000000000000000000, 0.000000000000000000, 0.000000000000000000 ) ) ;
#409 = CARTESIAN_POINT ( 'NONE',  ( 35.71386667198848386, 30.54710100683834639, 4.194267226448972430 ) ) ;
#410 = ORIENTED_EDGE ( 'NONE', *, *, #314, .F. ) ;
#411 = CARTESIAN_POINT ( 'NONE',  ( -4.262550633610508122, 20.48557173408247678, 5.682548475365032381 ) ) ;
#412 = EDGE_LOOP ( 'NONE', ( #1485, #1577, #1883, #1601 ) ) ;
#413 = CARTESIAN_POINT ( 'NONE',  ( -17.97970836264689609, -0.4528989931613450204, 7.694267226448971542 ) ) ;
#414 = FACE_BOUND ( 'NONE', #1705, .T. ) ;
#415 = CARTESIAN_POINT ( 'NONE',  ( 17.84733527573989065, 6.066844885769438811, 6.476298476448972607 ) ) ;
#416 = DIRECTION ( 'NONE',  ( -1.000000000000000000, 0.000000000000000000, 0.000000000000000000 ) ) ;
#417 = LINE ( 'NONE', #1867, #204 ) ;
#418 = ORIENTED_EDGE ( 'NONE', *, *, #1253, .T. ) ;
#419 = CARTESIAN_POINT ( 'NONE',  ( -0.1131769663984105029, 24.02735712790774514, 4.491923476448972607 ) ) ;
#420 = CARTESIAN_POINT ( 'NONE',  ( 21.99670894295199020, 20.48557173408247678, 4.591142225365032026 ) ) ;
#421 = CARTESIAN_POINT ( 'NONE',  ( -4.262550633610508122, 15.04710100683859508, 6.525907850365032736 ) ) ;
#422 = VERTEX_POINT ( 'NONE', #1110 ) ;
#423 = CARTESIAN_POINT ( 'NONE',  ( 2.064381457459070646, 4.322665258624502904, 7.694267226448971542 ) ) ;
#424 = ORIENTED_EDGE ( 'NONE', *, *, #1424, .F. ) ;
#425 = CARTESIAN_POINT ( 'NONE',  ( 21.99670894295199020, 15.04710100683859331, 7.617314100365032203 ) ) ;
#426 = CARTESIAN_POINT ( 'NONE',  ( 35.71386667198848386, 30.54710100683834639, 4.194267226448972430 ) ) ;
#427 = CARTESIAN_POINT ( 'NONE',  ( 17.84733527573989420, 24.02735712790774514, 6.476298474281091622 ) ) ;
#428 = ORIENTED_EDGE ( 'NONE', *, *, #880, .T. ) ;
#429 = CARTESIAN_POINT ( 'NONE',  ( 17.84733527573989420, 24.02735712790774514, 5.880985976448972252 ) ) ;
#430 = CARTESIAN_POINT ( 'NONE',  ( 14.30554988191462584, 1.917471218557346369, 6.773954725365031848 ) ) ;
#431 = AXIS2_PLACEMENT_3D ( 'NONE', #1973, #531, #416 ) ;
#432 = ORIENTED_EDGE ( 'NONE', *, *, #317, .F. ) ;
#433 = DIRECTION ( 'NONE',  ( -0.000000000000000000, -0.000000000000000000, -1.000000000000000000 ) ) ;
#434 = AXIS2_PLACEMENT_3D ( 'NONE', #716, #1359, #1823 ) ;
#435 = AXIS2_PLACEMENT_3D ( 'NONE', #747, #627, #436 ) ;
#436 = DIRECTION ( 'NONE',  ( 1.000000000000000000, 0.000000000000000000, 0.000000000000000000 ) ) ;
#437 = EDGE_CURVE ( 'NONE', #1045, #1454, #329, .T. ) ;
#438 = CARTESIAN_POINT ( 'NONE',  ( 21.99670894295199020, 20.48557173408247678, 7.666923475365033269 ) ) ;
#439 = CARTESIAN_POINT ( 'NONE',  ( -1.248902956993063640, 22.77515739578617371, 7.694267226448975094 ) ) ;
#440 = DIRECTION ( 'NONE',  ( -1.000000000000000000, 0.000000000000000000, 0.000000000000000000 ) ) ;
#441 = ORIENTED_EDGE ( 'NONE', *, *, #1263, .T. ) ;
#442 = CARTESIAN_POINT ( 'NONE',  ( 21.99670894295199020, 15.04710100683859331, 6.922782850365032381 ) ) ;
#443 = ORIENTED_EDGE ( 'NONE', *, *, #1416, .F. ) ;
#444 = DIRECTION ( 'NONE',  ( 0.7071067811865473507, 8.659560562354931626E-17, -0.7071067811865477948 ) ) ;
#445 = APPLICATION_PROTOCOL_DEFINITION ( 'draft international standard', 'automotive_design', 1998, #824 ) ;
#446 = FACE_OUTER_BOUND ( 'NONE', #1799, .T. ) ;
#447 = ORIENTED_EDGE ( 'NONE', *, *, #1010, .F. ) ;
#448 = ADVANCED_FACE ( 'NONE', ( #954 ), #1598, .F. ) ;
#449 = MANIFOLD_SOLID_BREP ( 'Thread1', #727 ) ;
#450 = FACE_BOUND ( 'NONE', #975, .T. ) ;
#451 = CARTESIAN_POINT ( 'NONE',  ( 3.606566912532434444, 27.74710100683859793, 4.442314101448971542 ) ) ;
#452 = CARTESIAN_POINT ( 'NONE',  ( 3.428608427426859340, 28.17673079511984113, 7.964579725365032559 ) ) ;
#453 = ORIENTED_EDGE ( 'NONE', *, *, #950, .F. ) ;
#454 = B_SPLINE_CURVE_WITH_KNOTS ( 'NONE', 3,
 ( #269, #2022, #1834, #1844, #1563, #1701, #886, #577, #544, #1056 ),
 .UNSPECIFIED., .F., .F.,
 ( 4, 2, 2, 2, 4 ),
 ( 0.000000000000000000, 0.02263996953986613381, 0.04527993907973226761, 0.06791990861959840142, 0.09055987815946453523 ),
 .UNSPECIFIED. ) ;
#455 = ORIENTED_EDGE ( 'NONE', *, *, #1397, .T. ) ;
#456 = CARTESIAN_POINT ( 'NONE',  ( 12.01707915467074095, 46.04710100683859508, 4.194267226448972430 ) ) ;
#457 = CARTESIAN_POINT ( 'NONE',  ( 3.124519779555697152, 26.51805314625978838, 7.694267226448969765 ) ) ;
#458 = DIRECTION ( 'NONE',  ( 0.000000000000000000, -0.000000000000000000, -1.000000000000000000 ) ) ;
#459 = ADVANCED_FACE ( 'NONE', ( #842 ), #799, .F. ) ;
#460 = CARTESIAN_POINT ( 'NONE',  ( -4.262550633610508122, 20.48557173408247678, 7.170829725365032381 ) ) ;
#461 = CARTESIAN_POINT ( 'NONE',  ( -3.832920845329261361, 9.786588764700287157, 5.434501601448972430 ) ) ;
#462 = CARTESIAN_POINT ( 'NONE',  ( 3.428608427426850902, 1.917471218557348145, 6.674735975365033269 ) ) ;
#463 = CIRCLE ( 'NONE', #660, 3.149999999999999911 ) ;
#464 = CARTESIAN_POINT ( 'NONE',  ( 8.867079154670740593, 28.17673079511984113, 7.914970350365032381 ) ) ;
#465 = EDGE_LOOP ( 'NONE', ( #1684, #441, #770, #1947 ) ) ;
#466 = AXIS2_PLACEMENT_3D ( 'NONE', #2008, #874, #860 ) ;
#467 = AXIS2_PLACEMENT_3D ( 'NONE', #1334, #1644, #1151 ) ;
#468 = CARTESIAN_POINT ( 'NONE',  ( 8.867079154670740593, 15.04710100683859331, 5.694267226448971542 ) ) ;
#469 = ORIENTED_EDGE ( 'NONE', *, *, #1401, .F. ) ;
#470 = CARTESIAN_POINT ( 'NONE',  ( -2.005679802709393389, 8.462377948289271146, 7.694267226448972430 ) ) ;
#471 = CARTESIAN_POINT ( 'NONE',  ( 21.99670894295199020, 15.04710100683859331, 6.129032850365033092 ) ) ;
#472 = CARTESIAN_POINT ( 'NONE',  ( -3.832920845329258253, 15.04710100683859508, 5.694267226448971542 ) ) ;
#473 =( BOUNDED_SURFACE ( )  B_SPLINE_SURFACE ( 1, 2, ( 
 ( #352, #817, #988, #827, #1315, #331, #1158, #980, #1473, #518, #1945, #35, #509, #1619, #1463, #53, #1797, #360, #845, #205, #1650, #491, #1807, #1487, #809, #964, #61, #677, #1323, #1780, #1611, #217, #1452, #373, #27, #638, #1291, #486, #179, #1770, #343, #535, #1033, #699, #855, #1826, #2002, #1692, #1528, #1668, #1989, #1682, #686, #95, #1332, #1019, #1704, #1518, #547, #272, #1862, #225, #1344, #1377, #1180, #380, #1220, #1171, #1817, #1979, #249, #1046, #1058 ),
 ( #237, #420, #2015, #86, #1498, #719, #879, #888, #1966, #1363, #1007, #77, #527, #389, #710, #870, #1352, #570, #1194, #559, #67, #1835, #401, #411, #1208, #1847, #1659, #1505, #258, #1538, #106, #733, #1718, #1259, #2035, #591, #1247, #137, #766, #1592, #1890, #313, #1069, #462, #1881, #430, #1232, #149, #442, #614, #1566, #2025, #945, #284, #779, #902, #1556, #302, #1101, #916, #1574, #1079, #1400, #2047, #128, #755, #1729, #934, #1422, #452, #292, #1413, #604 ) ),
 .UNSPECIFIED., .F., .F., .F. ) 
 B_SPLINE_SURFACE_WITH_KNOTS ( ( 2, 2 ),
 ( 3, 2, 2, 2, 2, 2, 2, 2, 2, 2, 2, 2, 2, 2, 2, 2, 2, 2, 2, 2, 2, 2, 2, 2, 2, 2, 2, 2, 2, 2, 2, 2, 2, 2, 2, 2, 3 ),
 ( 0.000000000000000000, 1.000000000000000000 ),
 ( 0.000000000000000000, 0.02500000000000000139, 0.05000000000000000278, 0.07499999999999999722, 0.1000000000000000056, 0.1250000000000000000, 0.1499999999999999944, 0.1749999999999999889, 0.2000000000000000111, 0.2250000000000000056, 0.2500000000000000000, 0.2750000000000000222, 0.2999999999999999889, 0.3250000000000000111, 0.3499999999999999778, 0.3750000000000000000, 0.4000000000000000222, 0.4249999999999999889, 0.4500000000000000111, 0.4749999999999999778, 0.5000000000000000000, 0.5250000000000000222, 0.5500000000000000444, 0.5749999999999999556, 0.5999999999999999778, 0.6250000000000000000, 0.6500000000000000222, 0.6750000000000000444, 0.6999999999999999556, 0.7249999999999999778, 0.7500000000000000000, 0.7750000000000000222, 0.8000000000000000444, 0.8249999999999999556, 0.8499999999999999778, 0.8750000000000000000, 0.8819476664373111507 ),
 .UNSPECIFIED. ) 
 GEOMETRIC_REPRESENTATION_ITEM ( )  RATIONAL_B_SPLINE_SURFACE ( (
 ( 1.000000000000000000, 0.9238795325112867385, 1.000000000000000000, 0.9238795325112867385, 1.000000000000000000, 0.9238795325112867385, 1.000000000000000000, 0.9238795325112867385, 1.000000000000000000, 0.9238795325112867385, 1.000000000000000000, 0.9238795325112867385, 1.000000000000000000, 0.9238795325112867385, 1.000000000000000000, 0.9238795325112867385, 1.000000000000000000, 0.9238795325112867385, 1.000000000000000000, 0.9238795325112867385, 1.000000000000000000, 0.9238795325112867385, 1.000000000000000000, 0.9238795325112867385, 1.000000000000000000, 0.9238795325112867385, 1.000000000000000000, 0.9238795325112867385, 1.000000000000000000, 0.9238795325112867385, 1.000000000000000000, 0.9238795325112867385, 1.000000000000000000, 0.9238795325112867385, 1.000000000000000000, 0.9238795325112867385, 1.000000000000000000, 0.9238795325112867385, 1.000000000000000000, 0.9238795325112867385, 1.000000000000000000, 0.9238795325112867385, 1.000000000000000000, 0.9238795325112867385, 1.000000000000000000, 0.9238795325112867385, 1.000000000000000000, 0.9238795325112867385, 1.000000000000000000, 0.9238795325112867385, 1.000000000000000000, 0.9238795325112867385, 1.000000000000000000, 0.9238795325112867385, 1.000000000000000000, 0.9238795325112867385, 1.000000000000000000, 0.9238795325112867385, 1.000000000000000000, 0.9238795325112867385, 1.000000000000000000, 0.9238795325112867385, 1.000000000000000000, 0.9238795325112867385, 1.000000000000000000, 0.9238795325112867385, 1.000000000000000000, 0.9238795325112867385, 1.000000000000000000, 0.9238795325112867385, 1.000000000000000000, 0.9788456153134492688, 0.9694491193059959766),
 ( 1.000000000000000000, 0.9238795325112867385, 1.000000000000000000, 0.9238795325112867385, 1.000000000000000000, 0.9238795325112867385, 1.000000000000000000, 0.9238795325112867385, 1.000000000000000000, 0.9238795325112867385, 1.000000000000000000, 0.9238795325112867385, 1.000000000000000000, 0.9238795325112867385, 1.000000000000000000, 0.9238795325112867385, 1.000000000000000000, 0.9238795325112867385, 1.000000000000000000, 0.9238795325112867385, 1.000000000000000000, 0.9238795325112867385, 1.000000000000000000, 0.9238795325112867385, 1.000000000000000000, 0.9238795325112867385, 1.000000000000000000, 0.9238795325112867385, 1.000000000000000000, 0.9238795325112867385, 1.000000000000000000, 0.9238795325112867385, 1.000000000000000000, 0.9238795325112867385, 1.000000000000000000, 0.9238795325112867385, 1.000000000000000000, 0.9238795325112867385, 1.000000000000000000, 0.9238795325112867385, 1.000000000000000000, 0.9238795325112867385, 1.000000000000000000, 0.9238795325112867385, 1.000000000000000000, 0.9238795325112867385, 1.000000000000000000, 0.9238795325112867385, 1.000000000000000000, 0.9238795325112867385, 1.000000000000000000, 0.9238795325112867385, 1.000000000000000000, 0.9238795325112867385, 1.000000000000000000, 0.9238795325112867385, 1.000000000000000000, 0.9238795325112867385, 1.000000000000000000, 0.9238795325112867385, 1.000000000000000000, 0.9238795325112867385, 1.000000000000000000, 0.9238795325112867385, 1.000000000000000000, 0.9238795325112867385, 1.000000000000000000, 0.9238795325112867385, 1.000000000000000000, 0.9238795325112867385, 1.000000000000000000, 0.9788456153134492688, 0.9694491193059959766) ) ) 
 REPRESENTATION_ITEM ( '' )  SURFACE ( )  );
#474 = CARTESIAN_POINT ( 'NONE',  ( 18.15112941243330624, 5.763050749076025880, 5.136845350365032203 ) ) ;
#475 = EDGE_CURVE ( 'NONE', #1863, #1389, #259, .T. ) ;
#476 = CARTESIAN_POINT ( 'NONE',  ( -0.4169711030918236139, 24.33115126460116429, 8.014189100365033624 ) ) ;
#477 = VERTEX_POINT ( 'NONE', #212 ) ;
#478 = CARTESIAN_POINT ( 'NONE',  ( 8.867079154670740593, 15.04710100683859331, 5.694267226448971542 ) ) ;
#479 = CARTESIAN_POINT ( 'NONE',  ( 8.867079154670740593, 46.04710100683859508, 7.694267226448971542 ) ) ;
#480 = EDGE_LOOP ( 'NONE', ( #617, #453 ) ) ;
#481 = DIRECTION ( 'NONE',  ( -0.000000000000000000, -0.000000000000000000, -1.000000000000000000 ) ) ;
#482 = CARTESIAN_POINT ( 'NONE',  ( 18.15112941243330980, 24.33115126460116429, 4.640751600365033092 ) ) ;
#483 = SURFACE_STYLE_FILL_AREA ( #1917 ) ;
#484 = CARTESIAN_POINT ( 'NONE',  ( 8.867079154670738816, 1.917471218557344592, 6.625126600365032203 ) ) ;
#485 = CARTESIAN_POINT ( 'NONE',  ( -0.1131769663984139723, 6.066844885769442364, 6.079423474281091977 ) ) ;
#486 = CARTESIAN_POINT ( 'NONE',  ( 3.428608427426859340, 28.17673079511984113, 6.277860975365033624 ) ) ;
#487 = LINE ( 'NONE', #456, #500 ) ;
#488 = DIRECTION ( 'NONE',  ( -0.000000000000000000, -0.000000000000000000, -1.000000000000000000 ) ) ;
#489 =( NAMED_UNIT ( * ) SI_UNIT ( $, .STERADIAN. ) SOLID_ANGLE_UNIT ( ) );
#490 = CARTESIAN_POINT ( 'NONE',  ( 8.867079154670738816, 1.917471218557344592, 5.037626600365031848 ) ) ;
#491 = CARTESIAN_POINT ( 'NONE',  ( 3.428608427426859340, 28.17673079511984113, 5.484110975365031670 ) ) ;
#492 = EDGE_CURVE ( 'NONE', #126, #545, #1479, .T. ) ;
#493 = ORIENTED_EDGE ( 'NONE', *, *, #24, .F. ) ;
#494 = CARTESIAN_POINT ( 'NONE',  ( 3.606566912532434444, 27.74710100683859793, 6.029814101448971897 ) ) ;
#495 = VECTOR ( 'NONE', #806, 1000.000000000000000 ) ;
#496 = EDGE_CURVE ( 'NONE', #1375, #1321, #1268, .T. ) ;
#497 =( GEOMETRIC_REPRESENTATION_CONTEXT ( 3 ) GLOBAL_UNCERTAINTY_ASSIGNED_CONTEXT ( ( #1188 ) ) GLOBAL_UNIT_ASSIGNED_CONTEXT ( ( #1605, #644, #489 ) ) REPRESENTATION_CONTEXT ( 'NONE', 'WORKASPACE' ) );
#498 = FACE_OUTER_BOUND ( 'NONE', #465, .T. ) ;
#499 = CARTESIAN_POINT ( 'NONE',  ( 3.606566912532434444, 27.74710100683859793, 6.823564101448971186 ) ) ;
#500 = VECTOR ( 'NONE', #960, 999.9999999999998863 ) ;
#501 = CARTESIAN_POINT ( 'NONE',  ( 21.95956405293939895, 16.12404435103709588, 7.694267226448967101 ) ) ;
#502 = VERTEX_POINT ( 'NONE', #1327 ) ;
#503 = CARTESIAN_POINT ( 'NONE',  ( 21.56707915467073988, 15.04710100683859331, 5.694267226448971542 ) ) ;
#504 = CARTESIAN_POINT ( 'NONE',  ( 35.71386667198815701, -0.4528989931617197207, 5.644267226448972607 ) ) ;
#505 = CARTESIAN_POINT ( 'NONE',  ( 17.84733527573989420, 24.02735712790774514, 6.674735976448972430 ) ) ;
#506 = CARTESIAN_POINT ( 'NONE',  ( 8.867079154670738816, 2.347101006838594461, 7.170829726448972430 ) ) ;
#507 = CARTESIAN_POINT ( 'NONE',  ( -3.832920845329258253, 15.04710100683859508, 4.591142226448972075 ) ) ;
#508 = CARTESIAN_POINT ( 'NONE',  ( 17.84733527573989065, 6.066844885769438811, 5.484110974281091622 ) ) ;
#509 = CARTESIAN_POINT ( 'NONE',  ( 8.867079154670738816, 1.917471218557344592, 5.037626600365031848 ) ) ;
#510 = CARTESIAN_POINT ( 'NONE',  ( -4.262550633610511674, 9.608630279594713386, 4.988017225365032559 ) ) ;
#511 = ORIENTED_EDGE ( 'NONE', *, *, #767, .T. ) ;
#512 = DIRECTION ( 'NONE',  ( -0.000000000000000000, -0.000000000000000000, -1.000000000000000000 ) ) ;
#513 = CYLINDRICAL_SURFACE ( 'NONE', #965, 1.700000000000000178 ) ;
#514 = ADVANCED_FACE ( 'NONE', ( #1646 ), #513, .F. ) ;
#515 = FACE_OUTER_BOUND ( 'NONE', #1273, .T. ) ;
#516 = ORIENTED_EDGE ( 'NONE', *, *, #656, .F. ) ;
#517 = CARTESIAN_POINT ( 'NONE',  ( 14.12759139680904852, 27.74710100683859793, 7.319657849281092865 ) ) ;
#518 = CARTESIAN_POINT ( 'NONE',  ( -4.262550633610511674, 9.608630279594713386, 4.888798475365033092 ) ) ;
#519 = VERTEX_POINT ( 'NONE', #692 ) ;
#520 = CARTESIAN_POINT ( 'NONE',  ( 19.66456026164606641, 22.51714653024962942, 7.694267226448970654 ) ) ;
#521 = DIRECTION ( 'NONE',  ( -0.000000000000000000, -0.000000000000000000, -1.000000000000000000 ) ) ;
#522 = CARTESIAN_POINT ( 'NONE',  ( -3.832920845329221837, 20.30761324897693854, 7.518095349281091799 ) ) ;
#523 = CARTESIAN_POINT ( 'NONE',  ( 3.606566912532434444, 27.74710100683859793, 7.617314101448973140 ) ) ;
#524 = DIRECTION ( 'NONE',  ( 1.000000000000000000, 0.000000000000000000, 0.000000000000000000 ) ) ;
#525 = VECTOR ( 'NONE', #1631, 1000.000000000000000 ) ;
#526 = CARTESIAN_POINT ( 'NONE',  ( -3.832920845329258253, 20.30761324897690301, 7.518095349281092687 ) ) ;
#527 = CARTESIAN_POINT ( 'NONE',  ( 8.867079154670738816, 1.917471218557344592, 5.136845350365033092 ) ) ;
#528 = EDGE_LOOP ( 'NONE', ( #1316, #187 ) ) ;
#529 = CARTESIAN_POINT ( 'NONE',  ( 35.71386667198815701, -0.4528989931617197207, 5.644267226448972607 ) ) ;
#530 = CARTESIAN_POINT ( 'NONE',  ( 38.86386667198815559, -0.4528989931617193321, 4.194267226448972430 ) ) ;
#531 = DIRECTION ( 'NONE',  ( -0.000000000000000000, -0.000000000000000000, -1.000000000000000000 ) ) ;
#532 = CARTESIAN_POINT ( 'NONE',  ( 8.867079154670740593, 15.04710100683859331, 5.694267226448971542 ) ) ;
#533 = DIRECTION ( 'NONE',  ( -0.000000000000000000, -0.000000000000000000, -1.000000000000000000 ) ) ;
#534 = CARTESIAN_POINT ( 'NONE',  ( 17.84733527573989065, 6.066844885769438811, 7.865360974281091266 ) ) ;
#535 = CARTESIAN_POINT ( 'NONE',  ( -4.262550633610511674, 9.608630279594713386, 6.476298475365032559 ) ) ;
#536 =( BOUNDED_SURFACE ( )  B_SPLINE_SURFACE ( 1, 2, ( 
 ( #142, #974, #1925, #668, #648, #1453, #1133, #1946, #1641, #510, #1620, #1307, #1150, #28, #1798, #640, #344, #999, #818, #1937, #1651, #1160, #1296, #1781, #801, #1465, #43, #1446, #657, #1141, #1789, #361, #207, #838, #1488, #1221, #1520, #1683, #1172, #1990, #421, #687, #846, #856, #700, #560, #390, #1020, #240, #1034, #97, #720, #1364, #1849, #745, #1402, #1250, #1080, #769, #615, #274, #904, #946, #925, #605, #1568, #1430, #1269, #464, #1103, #476, #1630, #359 ),
 ( #1486, #1322, #825, #1944, #1131, #1610, #636, #1638, #52, #956, #1462, #987, #655, #1779, #508, #1918, #1935, #342, #178, #1796, #166, #1954, #1113, #796, #1443, #25, #485, #1122, #1362, #1497, #1658, #1343, #94, #1006, #2001, #709, #400, #216, #224, #257, #1504, #1331, #66, #1537, #1179, #104, #854, #685, #732, #1965, #1376, #517, #1157, #1032, #371, #526, #388, #1977, #76, #85, #1816, #1170, #534, #1681, #998, #546, #1825, #1018, #1351, #1649, #1193, #379, #1667 ) ),
 .UNSPECIFIED., .F., .F., .F. ) 
 B_SPLINE_SURFACE_WITH_KNOTS ( ( 2, 2 ),
 ( 3, 2, 2, 2, 2, 2, 2, 2, 2, 2, 2, 2, 2, 2, 2, 2, 2, 2, 2, 2, 2, 2, 2, 2, 2, 2, 2, 2, 2, 2, 2, 2, 2, 2, 2, 2, 3 ),
 ( 0.000000000000000000, 1.000000000000000000 ),
 ( 0.000000000000000000, 0.02500000000000000139, 0.05000000000000000278, 0.07499999999999999722, 0.1000000000000000056, 0.1250000000000000000, 0.1499999999999999944, 0.1749999999999999889, 0.2000000000000000111, 0.2250000000000000056, 0.2500000000000000000, 0.2750000000000000222, 0.2999999999999999889, 0.3250000000000000111, 0.3499999999999999778, 0.3750000000000000000, 0.4000000000000000222, 0.4249999999999999889, 0.4500000000000000111, 0.4749999999999999778, 0.5000000000000000000, 0.5250000000000000222, 0.5500000000000000444, 0.5749999999999999556, 0.5999999999999999778, 0.6250000000000000000, 0.6500000000000000222, 0.6750000000000000444, 0.6999999999999999556, 0.7249999999999999778, 0.7500000000000000000, 0.7750000000000000222, 0.8000000000000000444, 0.8249999999999999556, 0.8499999999999999778, 0.8750000000000000000, 0.8819476746064516259 ),
 .UNSPECIFIED. ) 
 GEOMETRIC_REPRESENTATION_ITEM ( )  RATIONAL_B_SPLINE_SURFACE ( (
 ( 1.000000000000000000, 0.9238795325112867385, 1.000000000000000000, 0.9238795325112867385, 1.000000000000000000, 0.9238795325112867385, 1.000000000000000000, 0.9238795325112867385, 1.000000000000000000, 0.9238795325112867385, 1.000000000000000000, 0.9238795325112867385, 1.000000000000000000, 0.9238795325112867385, 1.000000000000000000, 0.9238795325112867385, 1.000000000000000000, 0.9238795325112867385, 1.000000000000000000, 0.9238795325112867385, 1.000000000000000000, 0.9238795325112867385, 1.000000000000000000, 0.9238795325112867385, 1.000000000000000000, 0.9238795325112867385, 1.000000000000000000, 0.9238795325112867385, 1.000000000000000000, 0.9238795325112867385, 1.000000000000000000, 0.9238795325112867385, 1.000000000000000000, 0.9238795325112867385, 1.000000000000000000, 0.9238795325112867385, 1.000000000000000000, 0.9238795325112867385, 1.000000000000000000, 0.9238795325112867385, 1.000000000000000000, 0.9238795325112867385, 1.000000000000000000, 0.9238795325112867385, 1.000000000000000000, 0.9238795325112867385, 1.000000000000000000, 0.9238795325112867385, 1.000000000000000000, 0.9238795325112867385, 1.000000000000000000, 0.9238795325112867385, 1.000000000000000000, 0.9238795325112867385, 1.000000000000000000, 0.9238795325112867385, 1.000000000000000000, 0.9238795325112867385, 1.000000000000000000, 0.9238795325112867385, 1.000000000000000000, 0.9238795325112867385, 1.000000000000000000, 0.9238795325112867385, 1.000000000000000000, 0.9238795325112867385, 1.000000000000000000, 0.9238795325112867385, 1.000000000000000000, 0.9238795325112867385, 1.000000000000000000, 0.9788455904398976060, 0.9694490972090112901),
 ( 1.000000000000000000, 0.9238795325112867385, 1.000000000000000000, 0.9238795325112867385, 1.000000000000000000, 0.9238795325112867385, 1.000000000000000000, 0.9238795325112867385, 1.000000000000000000, 0.9238795325112867385, 1.000000000000000000, 0.9238795325112867385, 1.000000000000000000, 0.9238795325112867385, 1.000000000000000000, 0.9238795325112867385, 1.000000000000000000, 0.9238795325112867385, 1.000000000000000000, 0.9238795325112867385, 1.000000000000000000, 0.9238795325112867385, 1.000000000000000000, 0.9238795325112867385, 1.000000000000000000, 0.9238795325112867385, 1.000000000000000000, 0.9238795325112867385, 1.000000000000000000, 0.9238795325112867385, 1.000000000000000000, 0.9238795325112867385, 1.000000000000000000, 0.9238795325112867385, 1.000000000000000000, 0.9238795325112867385, 1.000000000000000000, 0.9238795325112867385, 1.000000000000000000, 0.9238795325112867385, 1.000000000000000000, 0.9238795325112867385, 1.000000000000000000, 0.9238795325112867385, 1.000000000000000000, 0.9238795325112867385, 1.000000000000000000, 0.9238795325112867385, 1.000000000000000000, 0.9238795325112867385, 1.000000000000000000, 0.9238795325112867385, 1.000000000000000000, 0.9238795325112867385, 1.000000000000000000, 0.9238795325112867385, 1.000000000000000000, 0.9238795325112867385, 1.000000000000000000, 0.9238795325112867385, 1.000000000000000000, 0.9238795325112867385, 1.000000000000000000, 0.9238795325112867385, 1.000000000000000000, 0.9238795325112867385, 1.000000000000000000, 0.9238795325112867385, 1.000000000000000000, 0.9238795325112867385, 1.000000000000000000, 0.9788455904398976060, 0.9694490972090112901) ) ) 
 REPRESENTATION_ITEM ( '' )  SURFACE ( )  );
#537 = ORIENTED_EDGE ( 'NONE', *, *, #1, .T. ) ;
#538 = DIRECTION ( 'NONE',  ( -0.000000000000000000, -0.000000000000000000, -1.000000000000000000 ) ) ;
#539 = CARTESIAN_POINT ( 'NONE',  ( -17.97970836264689609, -0.4528989931613450204, 5.644267226448972607 ) ) ;
#540 = ORIENTED_EDGE ( 'NONE', *, *, #1992, .F. ) ;
#541 = CARTESIAN_POINT ( 'NONE',  ( 8.867079154670738816, 1.917471218557344592, 7.418876600365032381 ) ) ;
#542 = ADVANCED_BREP_SHAPE_REPRESENTATION ( 'CS_MOUNT', ( #449, #435 ), #1340 ) ;
#543 = DIRECTION ( 'NONE',  ( -1.000000000000000000, 0.000000000000000000, 0.000000000000000000 ) ) ;
#544 = CARTESIAN_POINT ( 'NONE',  ( -2.157353976544445384, 21.38097254799647828, 7.694267226448972430 ) ) ;
#545 = VERTEX_POINT ( 'NONE', #377 ) ;
#546 = CARTESIAN_POINT ( 'NONE',  ( 21.56707915467073988, 20.30761324897690301, 8.014189099281091799 ) ) ;
#547 = CARTESIAN_POINT ( 'NONE',  ( -0.4169711030918271111, 5.763050749076029433, 7.319657850365032026 ) ) ;
#548 = EDGE_LOOP ( 'NONE', ( #511, #787, #1104, #36, #774 ) ) ;
#549 = CARTESIAN_POINT ( 'NONE',  ( 17.84733527573989065, 6.066844885769438811, 6.277860974281091799 ) ) ;
#550 = FACE_OUTER_BOUND ( 'NONE', #1444, .T. ) ;
#551 = CARTESIAN_POINT ( 'NONE',  ( -0.1131769663984139723, 6.066844885769442364, 6.277860976448971897 ) ) ;
#552 = CARTESIAN_POINT ( 'NONE',  ( -17.97970836264679306, 30.54710100683871943, 7.694267226448971542 ) ) ;
#553 = ORIENTED_EDGE ( 'NONE', *, *, #260, .T. ) ;
#554 = CARTESIAN_POINT ( 'NONE',  ( -4.262550633610508122, 20.48557173408247678, 7.170829725365032381 ) ) ;
#555 = CARTESIAN_POINT ( 'NONE',  ( -17.97970836264689609, -0.4528989931613450204, 7.694267226448971542 ) ) ;
#556 = CARTESIAN_POINT ( 'NONE',  ( 3.606566912532434444, 27.74710100683859793, 6.625126599281092155 ) ) ;
#557 = VECTOR ( 'NONE', #1552, 999.9999999999998863 ) ;
#558 = VERTEX_POINT ( 'NONE', #1004 ) ;
#559 = CARTESIAN_POINT ( 'NONE',  ( 14.30554988191462407, 28.17673079511984113, 5.484110975365032559 ) ) ;
#560 = CARTESIAN_POINT ( 'NONE',  ( 14.30554988191462584, 1.917471218557346369, 6.773954725365031848 ) ) ;
#561 = VERTEX_POINT ( 'NONE', #222 ) ;
#562 = DIRECTION ( 'NONE',  ( -0.000000000000000000, -0.000000000000000000, -1.000000000000000000 ) ) ;
#563 = CARTESIAN_POINT ( 'NONE',  ( -16.27970836264689680, -0.4528989931613447983, 5.644267226448972607 ) ) ;
#564 = CYLINDRICAL_SURFACE ( 'NONE', #1544, 12.69999999999999929 ) ;
#565 = CARTESIAN_POINT ( 'NONE',  ( 3.428608427426850902, 1.917471218557348145, 6.575517225365032026 ) ) ;
#566 = LINE ( 'NONE', #1016, #1508 ) ;
#567 = DIRECTION ( 'NONE',  ( -0.000000000000000000, -0.000000000000000000, -1.000000000000000000 ) ) ;
#568 = ORIENTED_EDGE ( 'NONE', *, *, #1737, .T. ) ;
#569 = CARTESIAN_POINT ( 'NONE',  ( 21.56707915467073988, 20.30761324897690301, 5.831376601448972963 ) ) ;
#570 = CARTESIAN_POINT ( 'NONE',  ( 21.99670894295199020, 20.48557173408247678, 5.384892225365033980 ) ) ;
#571 = ORIENTED_EDGE ( 'NONE', *, *, #592, .T. ) ;
#572 = CARTESIAN_POINT ( 'NONE',  ( -0.1131769663984105029, 24.02735712790774514, 5.880985974281091266 ) ) ;
#573 = CARTESIAN_POINT ( 'NONE',  ( 8.867079154670740593, 27.74710100683859437, 4.988017224281091622 ) ) ;
#574 = DIRECTION ( 'NONE',  ( -0.000000000000000000, -0.000000000000000000, -1.000000000000000000 ) ) ;
#575 = CARTESIAN_POINT ( 'NONE',  ( 3.428608427426859340, 28.17673079511984113, 7.865360975365031315 ) ) ;
#576 = DIRECTION ( 'NONE',  ( -0.000000000000000000, -0.000000000000000000, -1.000000000000000000 ) ) ;
#577 = CARTESIAN_POINT ( 'NONE',  ( -2.444507744433158880, 20.85270887944781393, 7.694267226448972430 ) ) ;
#578 = ADVANCED_FACE ( 'NONE', ( #849 ), #1457, .F. ) ;
#579 = VERTEX_POINT ( 'NONE', #1137 ) ;
#580 = CARTESIAN_POINT ( 'NONE',  ( 34.01386667198815417, -0.4528989931617197207, 5.644267226448972607 ) ) ;
#581 = DIRECTION ( 'NONE',  ( -1.000000000000000000, 0.000000000000000000, 0.000000000000000000 ) ) ;
#582 = EDGE_LOOP ( 'NONE', ( #540, #609 ) ) ;
#583 = CARTESIAN_POINT ( 'NONE',  ( 8.867079154670740593, -15.95289899316140669, 4.194267226448972430 ) ) ;
#584 = CARTESIAN_POINT ( 'NONE',  ( -3.832920845329258253, 15.04710100683859508, 5.384892226448972252 ) ) ;
#585 = ORIENTED_EDGE ( 'NONE', *, *, #56, .F. ) ;
#586 = CARTESIAN_POINT ( 'NONE',  ( 3.428608427426850902, 1.917471218557348145, 7.369267225365033980 ) ) ;
#587 = CARTESIAN_POINT ( 'NONE',  ( 8.867079154670740593, 28.17673079511984113, 4.739970350365032559 ) ) ;
#588 = CARTESIAN_POINT ( 'NONE',  ( -3.832920845329249371, 20.30761324897691011, 6.724345349281091622 ) ) ;
#589 = VERTEX_POINT ( 'NONE', #530 ) ;
#590 = PRODUCT_RELATED_PRODUCT_CATEGORY ( 'part', '', ( #1848 ) ) ;
#591 = CARTESIAN_POINT ( 'NONE',  ( 14.30554988191462407, 28.17673079511984113, 6.277860975365033624 ) ) ;
#592 = EDGE_CURVE ( 'NONE', #1722, #1107, #1709, .T. ) ;
#593 = ORIENTED_EDGE ( 'NONE', *, *, #1277, .F. ) ;
#594 = CARTESIAN_POINT ( 'NONE',  ( 3.606566912532426450, 2.347101006838598458, 5.335282849281091977 ) ) ;
#595 = VECTOR ( 'NONE', #2040, 999.9999999999998863 ) ;
#596 = VECTOR ( 'NONE', #1456, 1000.000000000000000 ) ;
#597 = APPLICATION_PROTOCOL_DEFINITION ( 'draft international standard', 'automotive_design', 1998, #676 ) ;
#598 = ORIENTED_EDGE ( 'NONE', *, *, #174, .T. ) ;
#599 = CARTESIAN_POINT ( 'NONE',  ( 1.182663541864774404, 4.921577202391421935, 7.694267226448970654 ) ) ;
#600 = CARTESIAN_POINT ( 'NONE',  ( 9.263714474419950662, 27.97750248462459410, 7.694267226448973318 ) ) ;
#601 = DIRECTION ( 'NONE',  ( -1.000000000000000000, 0.000000000000000000, 0.000000000000000000 ) ) ;
#602 = CARTESIAN_POINT ( 'NONE',  ( 18.15112941243330980, 24.33115126460116429, 4.541532850365032736 ) ) ;
#603 = CARTESIAN_POINT ( 'NONE',  ( -3.832920845329261361, 9.786588764700287157, 4.640751601448972252 ) ) ;
#604 = CARTESIAN_POINT ( 'NONE',  ( -2.194203356710891839, 22.12065793251079526, 8.041068222288217271 ) ) ;
#605 = CARTESIAN_POINT ( 'NONE',  ( 21.99670894295199020, 15.04710100683859331, 7.716532850365032559 ) ) ;
#606 = DIRECTION ( 'NONE',  ( -1.000000000000000000, 0.000000000000000000, 0.000000000000000000 ) ) ;
#607 = EDGE_CURVE ( 'NONE', #558, #167, #1616, .T. ) ;
#608 = DIRECTION ( 'NONE',  ( -0.000000000000000000, -0.000000000000000000, -1.000000000000000000 ) ) ;
#609 = ORIENTED_EDGE ( 'NONE', *, *, #1885, .F. ) ;
#610 = DIRECTION ( 'NONE',  ( -0.000000000000000000, -0.000000000000000000, 1.000000000000000000 ) ) ;
#611 = CARTESIAN_POINT ( 'NONE',  ( -1.832258947375298153, 21.88919400272320459, 7.694037751410497172 ) ) ;
#612 = FACE_OUTER_BOUND ( 'NONE', #1557, .T. ) ;
#613 = CARTESIAN_POINT ( 'NONE',  ( -0.4169711030918271111, 5.763050749076029433, 7.319657850365032026 ) ) ;
#614 = CARTESIAN_POINT ( 'NONE',  ( 21.99670894295199020, 20.48557173408247678, 6.972392225365032559 ) ) ;
#615 = CARTESIAN_POINT ( 'NONE',  ( 3.428608427426850902, 1.917471218557348145, 7.468485975365032559 ) ) ;
#616 = CARTESIAN_POINT ( 'NONE',  ( 8.867079154670738816, 2.347101006838594461, 7.170829726448972430 ) ) ;
#617 = ORIENTED_EDGE ( 'NONE', *, *, #752, .F. ) ;
#618 = FACE_OUTER_BOUND ( 'NONE', #1891, .T. ) ;
#619 = CARTESIAN_POINT ( 'NONE',  ( 21.99670894295199020, 15.04710100683859331, 5.335282850365032914 ) ) ;
#620 = FACE_BOUND ( 'NONE', #275, .T. ) ;
#621 = EDGE_CURVE ( 'NONE', #1956, #1863, #1613, .T. ) ;
#622 = CARTESIAN_POINT ( 'NONE',  ( 21.99670894295199020, 20.48557173408247678, 6.873173475365032203 ) ) ;
#623 = AXIS2_PLACEMENT_3D ( 'NONE', #1229, #1535, #2012 ) ;
#624 = ORIENTED_EDGE ( 'NONE', *, *, #1542, .T. ) ;
#625 = CARTESIAN_POINT ( 'NONE',  ( 7.167079154670741303, -15.95289899316140669, 5.644267226448972607 ) ) ;
#626 = AXIS2_PLACEMENT_3D ( 'NONE', #1717, #1555, #312 ) ;
#627 = DIRECTION ( 'NONE',  ( 0.000000000000000000, 0.000000000000000000, 1.000000000000000000 ) ) ;
#628 = ORIENTED_EDGE ( 'NONE', *, *, #496, .T. ) ;
#629 = CARTESIAN_POINT ( 'NONE',  ( -3.832920845329258697, 14.51319792253858054, 7.694267226448973318 ) ) ;
#630 = AXIS2_PLACEMENT_3D ( 'NONE', #1653, #1971, #1346 ) ;
#631 = CARTESIAN_POINT ( 'NONE',  ( 7.673221378445831853, 27.90242867075986766, 7.694267226448973318 ) ) ;
#632 = DIRECTION ( 'NONE',  ( -1.000000000000000000, 0.000000000000000000, 0.000000000000000000 ) ) ;
#633 = EDGE_CURVE ( 'NONE', #641, #332, #130, .T. ) ;
#634 = CARTESIAN_POINT ( 'NONE',  ( 14.30554988191462584, 28.17673079511984113, 6.972392225365032559 ) ) ;
#635 = EDGE_CURVE ( 'NONE', #637, #1021, #50, .T. ) ;
#636 = CARTESIAN_POINT ( 'NONE',  ( -0.1131769663984105029, 24.02735712790774514, 5.087235974281091977 ) ) ;
#637 = VERTEX_POINT ( 'NONE', #563 ) ;
#638 = CARTESIAN_POINT ( 'NONE',  ( 14.30554988191462407, 28.17673079511984113, 6.178642225365032381 ) ) ;
#639 = PRODUCT_DEFINITION_FORMATION_WITH_SPECIFIED_SOURCE ( 'ANY', '', #1848, .NOT_KNOWN. ) ;
#640 = CARTESIAN_POINT ( 'NONE',  ( 21.99670894295198664, 9.608630279594702728, 5.285673475365033624 ) ) ;
#641 = VERTEX_POINT ( 'NONE', #1198 ) ;
#642 = DIRECTION ( 'NONE',  ( -1.000000000000000000, 0.000000000000000000, 0.000000000000000000 ) ) ;
#643 = CARTESIAN_POINT ( 'NONE',  ( 18.15112941243330624, 5.763050749076025880, 6.823564100365032914 ) ) ;
#644 =( NAMED_UNIT ( * ) PLANE_ANGLE_UNIT ( ) SI_UNIT ( $, .RADIAN. ) );
#645 = CARTESIAN_POINT ( 'NONE',  ( -4.262550633610511674, 9.608630279594713386, 7.270048475365034513 ) ) ;
#646 = EDGE_CURVE ( 'NONE', #162, #890, #1686, .T. ) ;
#647 = EDGE_CURVE ( 'NONE', #735, #1691, #339, .T. ) ;
#648 = CARTESIAN_POINT ( 'NONE',  ( 8.867079154670740593, 28.17673079511984113, 4.739970350365032559 ) ) ;
#649 = EDGE_LOOP ( 'NONE', ( #914, #1053 ) ) ;
#650 = CARTESIAN_POINT ( 'NONE',  ( -17.97970836264679306, 30.54710100683871943, 7.694267226448971542 ) ) ;
#651 = CARTESIAN_POINT ( 'NONE',  ( -1.088871514179287736, 23.05166258012686953, 7.679936091909000950 ) ) ;
#652 = CARTESIAN_POINT ( 'NONE',  ( 20.34831019300478872, 8.739052247714679922, 7.694267226448970654 ) ) ;
#653 = CARTESIAN_POINT ( 'NONE',  ( -0.1131769663984139723, 6.066844885769442364, 6.277860976448971897 ) ) ;
#654 = DIRECTION ( 'NONE',  ( -1.000000000000000000, 0.000000000000000000, 0.000000000000000000 ) ) ;
#655 = CARTESIAN_POINT ( 'NONE',  ( 8.867079154670738816, 2.347101006838594461, 5.384892224281092155 ) ) ;
#656 = EDGE_CURVE ( 'NONE', #256, #959, #1123, .T. ) ;
#657 = CARTESIAN_POINT ( 'NONE',  ( 8.867079154670738816, 1.917471218557344592, 5.930595350365032381 ) ) ;
#658 = ORIENTED_EDGE ( 'NONE', *, *, #1099, .F. ) ;
#659 = CARTESIAN_POINT ( 'NONE',  ( 8.867079154670740593, -15.95289899316140669, 5.644267226448972607 ) ) ;
#660 = AXIS2_PLACEMENT_3D ( 'NONE', #409, #1879, #440 ) ;
#661 = AXIS2_PLACEMENT_3D ( 'NONE', #468, #1764, #1238 ) ;
#662 = CARTESIAN_POINT ( 'NONE',  ( 18.15112941243330980, 24.33115126460116429, 7.022001600365032736 ) ) ;
#663 = DIRECTION ( 'NONE',  ( -0.000000000000000000, -0.000000000000000000, 1.000000000000000000 ) ) ;
#664 = CARTESIAN_POINT ( 'NONE',  ( 14.30554988191462407, 28.17673079511984113, 5.384892225365033980 ) ) ;
#665 = VECTOR ( 'NONE', #1372, 1000.000000000000000 ) ;
#666 = LINE ( 'NONE', #1815, #1098 ) ;
#667 = DIRECTION ( 'NONE',  ( -0.000000000000000000, -0.000000000000000000, -1.000000000000000000 ) ) ;
#668 = CARTESIAN_POINT ( 'NONE',  ( 14.30554988191462407, 28.17673079511984113, 4.690360975365033269 ) ) ;
#669 = LINE ( 'NONE', #363, #731 ) ;
#670 = ADVANCED_FACE ( 'NONE', ( #228 ), #2019, .F. ) ;
#671 = CARTESIAN_POINT ( 'NONE',  ( 44.36707915467074770, 15.04710100683859331, 5.694267226448971542 ) ) ;
#672 = CARTESIAN_POINT ( 'NONE',  ( 17.84733527573989420, 24.02735712790774514, 7.270048474281091799 ) ) ;
#673 = CARTESIAN_POINT ( 'NONE',  ( 3.606566912532426450, 2.347101006838598902, 7.121220351448970476 ) ) ;
#674 = EDGE_CURVE ( 'NONE', #928, #1882, #903, .T. ) ;
#675 = DIRECTION ( 'NONE',  ( -1.000000000000000000, 0.000000000000000000, 0.000000000000000000 ) ) ;
#676 = APPLICATION_CONTEXT ( 'automotive_design' ) ;
#677 = CARTESIAN_POINT ( 'NONE',  ( 3.428608427426850902, 1.917471218557348145, 5.781767225365032736 ) ) ;
#678 = ORIENTED_EDGE ( 'NONE', *, *, #1515, .T. ) ;
#679 = DIRECTION ( 'NONE',  ( 0.7071067811865473507, 8.659560562354931626E-17, -0.7071067811865477948 ) ) ;
#680 = CARTESIAN_POINT ( 'NONE',  ( 21.04961048566945081, 8.661531822312174000, 7.654705560703178868 ) ) ;
#681 = CARTESIAN_POINT ( 'NONE',  ( 14.12759139680904852, 27.74710100683859793, 7.518095351448971897 ) ) ;
#682 = CARTESIAN_POINT ( 'NONE',  ( 3.606566912532426450, 2.347101006838598902, 6.327470351448973851 ) ) ;
#683 = CARTESIAN_POINT ( 'NONE',  ( 10.56707915467073988, 46.04710100683859508, 7.694267226448971542 ) ) ;
#684 = EDGE_CURVE ( 'NONE', #641, #256, #1617, .T. ) ;
#685 = CARTESIAN_POINT ( 'NONE',  ( 21.56707915467073633, 9.786588764700278276, 7.121220349281092155 ) ) ;
#686 = CARTESIAN_POINT ( 'NONE',  ( 8.867079154670740593, 28.17673079511984113, 7.022001600365031848 ) ) ;
#687 = CARTESIAN_POINT ( 'NONE',  ( -4.262550633610511674, 9.608630279594713386, 6.575517225365032026 ) ) ;
#688 = ORIENTED_EDGE ( 'NONE', *, *, #635, .F. ) ;
#689 = DIRECTION ( 'NONE',  ( -1.000000000000000000, 0.000000000000000000, 0.000000000000000000 ) ) ;
#690 = FACE_BOUND ( 'NONE', #1991, .T. ) ;
#691 = AXIS2_PLACEMENT_3D ( 'NONE', #865, #1472, #1795 ) ;
#692 = CARTESIAN_POINT ( 'NONE',  ( -16.27970836264679022, 30.54710100683871943, 5.644267226448972607 ) ) ;
#693 = CIRCLE ( 'NONE', #1102, 1.700000000000000178 ) ;
#694 = CARTESIAN_POINT ( 'NONE',  ( 10.85263053625020113, 27.85694911488783276, 7.694267226448969765 ) ) ;
#695 = CARTESIAN_POINT ( 'NONE',  ( -3.832920845329274684, 9.786588764700297816, 4.640751601448971364 ) ) ;
#696 = VECTOR ( 'NONE', #864, 1000.000000000000000 ) ;
#697 = EDGE_CURVE ( 'NONE', #162, #1643, #1100, .T. ) ;
#698 = CIRCLE ( 'NONE', #1810, 1.700000000000000178 ) ;
#699 = CARTESIAN_POINT ( 'NONE',  ( 3.428608427426850902, 1.917471218557348145, 6.575517225365032026 ) ) ;
#700 = CARTESIAN_POINT ( 'NONE',  ( 8.867079154670738816, 1.917471218557344592, 6.724345350365032559 ) ) ;
#701 = VERTEX_POINT ( 'NONE', #814 ) ;
#702 = DIRECTION ( 'NONE',  ( -0.000000000000000000, -0.000000000000000000, -1.000000000000000000 ) ) ;
#703 = DIRECTION ( 'NONE',  ( 1.000000000000000000, 0.000000000000000000, 0.000000000000000000 ) ) ;
#704 = CARTESIAN_POINT ( 'NONE',  ( -3.832920845329258253, 15.04710100683859508, 5.186454724281091444 ) ) ;
#705 = FACE_OUTER_BOUND ( 'NONE', #894, .T. ) ;
#706 = CARTESIAN_POINT ( 'NONE',  ( 14.30554988191462584, 1.917471218557346369, 6.674735975365033269 ) ) ;
#707 = CARTESIAN_POINT ( 'NONE',  ( 34.01386667198815417, -0.4528989931617197207, 7.694267226448971542 ) ) ;
#708 = DIRECTION ( 'NONE',  ( -1.000000000000000000, 0.000000000000000000, 0.000000000000000000 ) ) ;
#709 = CARTESIAN_POINT ( 'NONE',  ( 14.12759139680904852, 27.74710100683859793, 6.525907849281092687 ) ) ;
#710 = CARTESIAN_POINT ( 'NONE',  ( 18.15112941243330624, 5.763050749076025880, 5.236064100365032559 ) ) ;
#711 = EDGE_CURVE ( 'NONE', #714, #701, #726, .T. ) ;
#712 = ORIENTED_EDGE ( 'NONE', *, *, #260, .F. ) ;
#713 = CARTESIAN_POINT ( 'NONE',  ( 37.41386667198815985, -0.4528989931617194986, 4.194267226448972430 ) ) ;
#714 = VERTEX_POINT ( 'NONE', #1676 ) ;
#715 = CARTESIAN_POINT ( 'NONE',  ( 8.867079154670740593, 28.17673079511984113, 6.228251600365032559 ) ) ;
#716 = CARTESIAN_POINT ( 'NONE',  ( 35.71386667198848386, 30.54710100683834639, 5.644267226448972607 ) ) ;
#717 = DIRECTION ( 'NONE',  ( -1.000000000000000000, 0.000000000000000000, 0.000000000000000000 ) ) ;
#718 = ORIENTED_EDGE ( 'NONE', *, *, #1416, .T. ) ;
#719 = CARTESIAN_POINT ( 'NONE',  ( 3.428608427426859340, 28.17673079511984113, 4.789579725365031848 ) ) ;
#720 = CARTESIAN_POINT ( 'NONE',  ( 14.30554988191462407, 28.17673079511984113, 7.071610975365032026 ) ) ;
#721 = VERTEX_POINT ( 'NONE', #908 ) ;
#722 = CARTESIAN_POINT ( 'NONE',  ( -3.832920845329258253, 15.04710100683859508, 5.980204724281091622 ) ) ;
#723 = ADVANCED_FACE ( 'NONE', ( #1199 ), #1185, .F. ) ;
#724 = CARTESIAN_POINT ( 'NONE',  ( 8.867079154670740593, 27.74710100683859437, 5.781767224281091799 ) ) ;
#725 = CARTESIAN_POINT ( 'NONE',  ( 17.84733527573989420, 24.02735712790774514, 5.087235976448972075 ) ) ;
#726 = LINE ( 'NONE', #1025, #172 ) ;
#727 = CLOSED_SHELL ( 'NONE', ( #852, #514, #1968, #670, #1112, #96, #138, #578, #923, #723, #1845, #247, #863, #1924, #792, #135, #194, #1461, #290, #1980, #1044, #1859, #382, #1088, #1639, #1964, #1475, #1003, #448, #211, #868, #459, #1289, #2010, #1872, #1765, #989, #1155, #1503, #947, #911, #374 ) ) ;
#728 = LINE ( 'NONE', #2011, #1778 ) ;
#729 = LINE ( 'NONE', #1689, #1906 ) ;
#730 = CONICAL_SURFACE ( 'NONE', #1163, 3.149999999999999911, 0.7853981633974480570 ) ;
#731 = VECTOR ( 'NONE', #209, 999.9999999999998863 ) ;
#732 = CARTESIAN_POINT ( 'NONE',  ( 21.56707915467073988, 15.04710100683859331, 7.170829724281091444 ) ) ;
#733 = CARTESIAN_POINT ( 'NONE',  ( 21.99670894295198664, 9.608630279594702728, 6.079423475365032026 ) ) ;
#734 = AXIS2_PLACEMENT_3D ( 'NONE', #504, #1791, #1774 ) ;
#735 = VERTEX_POINT ( 'NONE', #1995 ) ;
#736 = CARTESIAN_POINT ( 'NONE',  ( 8.867079154670738816, 2.347101006838594461, 5.583329726448972075 ) ) ;
#737 = CARTESIAN_POINT ( 'NONE',  ( 8.867079154670738816, 2.347101006838594461, 6.377079726448972252 ) ) ;
#738 = CARTESIAN_POINT ( 'NONE',  ( 8.867079154670740593, 46.04710100683859508, 4.194267226448972430 ) ) ;
#739 = CARTESIAN_POINT ( 'NONE',  ( 8.867079154670740593, 28.17673079511984113, 7.815751600365031138 ) ) ;
#740 = EDGE_CURVE ( 'NONE', #579, #1354, #991, .T. ) ;
#741 = CARTESIAN_POINT ( 'NONE',  ( 16.70461183263105553, 25.54865493270872179, 7.694267226448970654 ) ) ;
#742 = FACE_OUTER_BOUND ( 'NONE', #1222, .T. ) ;
#743 = ORIENTED_EDGE ( 'NONE', *, *, #1818, .T. ) ;
#744 = CARTESIAN_POINT ( 'NONE',  ( -17.97970836264689609, -0.4528989931613450204, 5.644267226448972607 ) ) ;
#745 = CARTESIAN_POINT ( 'NONE',  ( -0.4169711030918236139, 24.33115126460116429, 7.220439100365032559 ) ) ;
#746 = ORIENTED_EDGE ( 'NONE', *, *, #853, .T. ) ;
#747 = CARTESIAN_POINT ( 'NONE',  ( 0.000000000000000000, 0.000000000000000000, 0.000000000000000000 ) ) ;
#748 = CARTESIAN_POINT ( 'NONE',  ( -3.832920845329258253, 15.04710100683859508, 4.591142226448972075 ) ) ;
#749 = CARTESIAN_POINT ( 'NONE',  ( 18.15112941243330624, 5.763050749076025880, 5.930595350365032381 ) ) ;
#750 = CARTESIAN_POINT ( 'NONE',  ( -4.262550633610508122, 15.04710100683859508, 6.525907850365032736 ) ) ;
#751 = CARTESIAN_POINT ( 'NONE',  ( -17.97970836264679306, 30.54710100683871943, 4.194267226448972430 ) ) ;
#752 = EDGE_CURVE ( 'NONE', #1239, #790, #398, .T. ) ;
#753 = ORIENTED_EDGE ( 'NONE', *, *, #826, .F. ) ;
#754 = CARTESIAN_POINT ( 'NONE',  ( 8.867079154670740593, 27.74710100683859437, 4.392704726448972252 ) ) ;
#755 = CARTESIAN_POINT ( 'NONE',  ( 21.99670894295199020, 20.48557173408247678, 7.766142225365032736 ) ) ;
#756 = ORIENTED_EDGE ( 'NONE', *, *, #1386, .F. ) ;
#757 = CARTESIAN_POINT ( 'NONE',  ( 8.867079154670738816, 2.347101006838594461, 5.384892224281092155 ) ) ;
#758 = DIRECTION ( 'NONE',  ( -0.000000000000000000, -0.000000000000000000, 1.000000000000000000 ) ) ;
#759 = ORIENTED_EDGE ( 'NONE', *, *, #299, .F. ) ;
#760 = DIRECTION ( 'NONE',  ( 1.000000000000000000, 0.000000000000000000, 0.000000000000000000 ) ) ;
#761 = CARTESIAN_POINT ( 'NONE',  ( -4.262550633610508122, 15.04710100683859508, 4.938407850365032381 ) ) ;
#762 = CARTESIAN_POINT ( 'NONE',  ( 8.867079154670740593, 15.04710100683859331, 7.694267226448971542 ) ) ;
#763 =( BOUNDED_SURFACE ( )  B_SPLINE_SURFACE ( 1, 2, ( 
 ( #1703, #283, #1421, #1573, #754, #451, #419, #924, #915, #603, #1399, #1078, #271, #1387, #2046, #1068, #184, #2024, #127, #1258, #2034, #1246, #301, #1728, #1889, #461, #1231, #1583, #1219, #1870, #1090, #1739, #933, #569, #429, #6, #1899, #944, #2014, #1861, #1793, #1483, #653, #682, #985, #1301, #1147, #1931, #357, #1167, #1941, #58, #378, #499, #200, #1822, #385, #1328, #1655, #673, #506, #978, #1974, #1961, #1138, #1154, #1338, #1803, #1319, #523, #190, #1647, #1951 ),
 ( #367, #214, #1014, #1814, #1471, #851, #995, #843, #1494, #72, #1664, #230, #1459, #40, #48, #1786, #349, #822, #1626, #664, #1313, #123, #1358, #1187, #1075, #244, #1712, #1876, #1723, #1382, #749, #1026, #1369, #1040, #1997, #1054, #715, #875, #1201, #2020, #1062, #895, #253, #565, #1699, #706, #1548, #1349, #407, #861, #1533, #1856, #1511, #1240, #1524, #554, #1394, #1842, #1831, #586, #541, #394, #100, #267, #425, #438, #113, #1986, #739, #575, #1227, #1866, #2031 ) ),
 .UNSPECIFIED., .F., .F., .T. ) 
 B_SPLINE_SURFACE_WITH_KNOTS ( ( 2, 2 ),
 ( 3, 2, 2, 2, 2, 2, 2, 2, 2, 2, 2, 2, 2, 2, 2, 2, 2, 2, 2, 2, 2, 2, 2, 2, 2, 2, 2, 2, 2, 2, 2, 2, 2, 2, 2, 2, 3 ),
 ( 0.000000000000000000, 1.000000000000000000 ),
 ( 0.000000000000000000, 0.02500000000000000139, 0.05000000000000000278, 0.07499999999999999722, 0.1000000000000000056, 0.1250000000000000000, 0.1499999999999999944, 0.1749999999999999889, 0.2000000000000000111, 0.2250000000000000056, 0.2500000000000000000, 0.2750000000000000222, 0.2999999999999999889, 0.3250000000000000111, 0.3499999999999999778, 0.3750000000000000000, 0.4000000000000000222, 0.4249999999999999889, 0.4500000000000000111, 0.4749999999999999778, 0.5000000000000000000, 0.5250000000000000222, 0.5500000000000000444, 0.5749999999999999556, 0.5999999999999999778, 0.6250000000000000000, 0.6500000000000000222, 0.6750000000000000444, 0.6999999999999999556, 0.7249999999999999778, 0.7500000000000000000, 0.7750000000000000222, 0.8000000000000000444, 0.8249999999999999556, 0.8499999999999999778, 0.8750000000000000000, 0.8819476751681954996 ),
 .UNSPECIFIED. ) 
 GEOMETRIC_REPRESENTATION_ITEM ( )  RATIONAL_B_SPLINE_SURFACE ( (
 ( 1.000000000000000000, 0.9238795325112867385, 1.000000000000000000, 0.9238795325112867385, 1.000000000000000000, 0.9238795325112867385, 1.000000000000000000, 0.9238795325112867385, 1.000000000000000000, 0.9238795325112867385, 1.000000000000000000, 0.9238795325112867385, 1.000000000000000000, 0.9238795325112867385, 1.000000000000000000, 0.9238795325112867385, 1.000000000000000000, 0.9238795325112867385, 1.000000000000000000, 0.9238795325112867385, 1.000000000000000000, 0.9238795325112867385, 1.000000000000000000, 0.9238795325112867385, 1.000000000000000000, 0.9238795325112867385, 1.000000000000000000, 0.9238795325112867385, 1.000000000000000000, 0.9238795325112867385, 1.000000000000000000, 0.9238795325112867385, 1.000000000000000000, 0.9238795325112867385, 1.000000000000000000, 0.9238795325112867385, 1.000000000000000000, 0.9238795325112867385, 1.000000000000000000, 0.9238795325112867385, 1.000000000000000000, 0.9238795325112867385, 1.000000000000000000, 0.9238795325112867385, 1.000000000000000000, 0.9238795325112867385, 1.000000000000000000, 0.9238795325112867385, 1.000000000000000000, 0.9238795325112867385, 1.000000000000000000, 0.9238795325112867385, 1.000000000000000000, 0.9238795325112867385, 1.000000000000000000, 0.9238795325112867385, 1.000000000000000000, 0.9238795325112867385, 1.000000000000000000, 0.9238795325112867385, 1.000000000000000000, 0.9238795325112867385, 1.000000000000000000, 0.9238795325112867385, 1.000000000000000000, 0.9238795325112867385, 1.000000000000000000, 0.9238795325112867385, 1.000000000000000000, 0.9238795325112867385, 1.000000000000000000, 0.9788455887294893465, 0.9694490956895325251),
 ( 1.000000000000000000, 0.9238795325112867385, 1.000000000000000000, 0.9238795325112867385, 1.000000000000000000, 0.9238795325112867385, 1.000000000000000000, 0.9238795325112867385, 1.000000000000000000, 0.9238795325112867385, 1.000000000000000000, 0.9238795325112867385, 1.000000000000000000, 0.9238795325112867385, 1.000000000000000000, 0.9238795325112867385, 1.000000000000000000, 0.9238795325112867385, 1.000000000000000000, 0.9238795325112867385, 1.000000000000000000, 0.9238795325112867385, 1.000000000000000000, 0.9238795325112867385, 1.000000000000000000, 0.9238795325112867385, 1.000000000000000000, 0.9238795325112867385, 1.000000000000000000, 0.9238795325112867385, 1.000000000000000000, 0.9238795325112867385, 1.000000000000000000, 0.9238795325112867385, 1.000000000000000000, 0.9238795325112867385, 1.000000000000000000, 0.9238795325112867385, 1.000000000000000000, 0.9238795325112867385, 1.000000000000000000, 0.9238795325112867385, 1.000000000000000000, 0.9238795325112867385, 1.000000000000000000, 0.9238795325112867385, 1.000000000000000000, 0.9238795325112867385, 1.000000000000000000, 0.9238795325112867385, 1.000000000000000000, 0.9238795325112867385, 1.000000000000000000, 0.9238795325112867385, 1.000000000000000000, 0.9238795325112867385, 1.000000000000000000, 0.9238795325112867385, 1.000000000000000000, 0.9238795325112867385, 1.000000000000000000, 0.9238795325112867385, 1.000000000000000000, 0.9238795325112867385, 1.000000000000000000, 0.9238795325112867385, 1.000000000000000000, 0.9238795325112867385, 1.000000000000000000, 0.9238795325112867385, 1.000000000000000000, 0.9788455887294893465, 0.9694490956895325251) ) ) 
 REPRESENTATION_ITEM ( '' )  SURFACE ( )  );
#764 = CARTESIAN_POINT ( 'NONE',  ( 37.41386667198847960, 30.54710100683834639, 7.694267226448971542 ) ) ;
#765 = AXIS2_PLACEMENT_3D ( 'NONE', #898, #567, #717 ) ;
#766 = CARTESIAN_POINT ( 'NONE',  ( -0.4169711030918236139, 24.33115126460116429, 6.426689100365032381 ) ) ;
#767 = EDGE_CURVE ( 'NONE', #735, #1207, #862, .T. ) ;
#768 = VECTOR ( 'NONE', #1662, 1000.000000000000000 ) ;
#769 = CARTESIAN_POINT ( 'NONE',  ( -0.4169711030918271111, 5.763050749076029433, 7.418876600365032381 ) ) ;
#770 = ORIENTED_EDGE ( 'NONE', *, *, #1217, .T. ) ;
#771 = CARTESIAN_POINT ( 'NONE',  ( -0.1131769663984139723, 6.066844885769442364, 7.071610976448972075 ) ) ;
#772 = AXIS2_PLACEMENT_3D ( 'NONE', #10, #610, #1436 ) ;
#773 = LINE ( 'NONE', #1875, #1507 ) ;
#774 = ORIENTED_EDGE ( 'NONE', *, *, #1603, .T. ) ;
#775 = DIRECTION ( 'NONE',  ( -0.000000000000000000, -0.000000000000000000, -1.000000000000000000 ) ) ;
#776 = CARTESIAN_POINT ( 'NONE',  ( 21.99670894295198664, 9.608630279594700951, 6.079423475365032914 ) ) ;
#777 = PRESENTATION_STYLE_ASSIGNMENT (( #931 ) ) ;
#778 = CARTESIAN_POINT ( 'NONE',  ( 3.428608427426851346, 1.917471218557347923, 5.781767225365032736 ) ) ;
#779 = CARTESIAN_POINT ( 'NONE',  ( -0.4169711030918236139, 24.33115126460116429, 7.220439100365032559 ) ) ;
#780 = ORIENTED_EDGE ( 'NONE', *, *, #1885, .T. ) ;
#781 = CARTESIAN_POINT ( 'NONE',  ( 32.56386667198815843, -0.4528989931617197207, 4.194267226448972430 ) ) ;
#782 = EDGE_LOOP ( 'NONE', ( #1381, #143, #80, #1200 ) ) ;
#783 = DIRECTION ( 'NONE',  ( -1.000000000000000000, 0.000000000000000000, 0.000000000000000000 ) ) ;
#784 = CARTESIAN_POINT ( 'NONE',  ( -0.5865325254320061799, 23.59920721756104456, 7.694267226448974206 ) ) ;
#785 = FACE_BOUND ( 'NONE', #2037, .T. ) ;
#786 = CARTESIAN_POINT ( 'NONE',  ( 14.30554988191462584, 28.17673079511984113, 4.591142225365032914 ) ) ;
#787 = ORIENTED_EDGE ( 'NONE', *, *, #1606, .T. ) ;
#788 = CARTESIAN_POINT ( 'NONE',  ( 14.12759139680905207, 2.347101006838596238, 5.434501599281092332 ) ) ;
#789 = DIRECTION ( 'NONE',  ( -0.000000000000000000, -0.000000000000000000, -1.000000000000000000 ) ) ;
#790 = VERTEX_POINT ( 'NONE', #1687 ) ;
#791 = DIRECTION ( 'NONE',  ( -0.000000000000000000, -0.000000000000000000, -1.000000000000000000 ) ) ;
#792 = ADVANCED_FACE ( 'NONE', ( #705 ), #564, .F. ) ;
#793 = CARTESIAN_POINT ( 'NONE',  ( 3.428608427426851346, 1.917471218557347923, 6.674735975365033269 ) ) ;
#794 = CARTESIAN_POINT ( 'NONE',  ( -17.97970836264689609, -0.4528989931613450204, 4.194267226448972430 ) ) ;
#795 = CARTESIAN_POINT ( 'NONE',  ( 18.15112941243330980, 24.33115126460116429, 6.922782850365032381 ) ) ;
#796 = CARTESIAN_POINT ( 'NONE',  ( -3.832920845329258253, 20.30761324897690301, 5.930595349281092332 ) ) ;
#797 = ORIENTED_EDGE ( 'NONE', *, *, #656, .T. ) ;
#798 = CARTESIAN_POINT ( 'NONE',  ( 35.71386667198848386, 30.54710100683834639, 7.694267226448971542 ) ) ;
#799 = CONICAL_SURFACE ( 'NONE', #1637, 3.149999999999999911, 0.7853981633974480570 ) ;
#800 = CIRCLE ( 'NONE', #1244, 1.699999999999998401 ) ;
#801 = CARTESIAN_POINT ( 'NONE',  ( -4.262550633610508122, 15.04710100683859508, 5.732157850365032559 ) ) ;
#802 = ORIENTED_EDGE ( 'NONE', *, *, #372, .F. ) ;
#803 = CYLINDRICAL_SURFACE ( 'NONE', #772, 35.50000000000000711 ) ;
#804 = CIRCLE ( 'NONE', #403, 1.700000000000000178 ) ;
#805 = CARTESIAN_POINT ( 'NONE',  ( 14.30554988191462584, 28.17673079511984113, 7.071610975365032914 ) ) ;
#806 = DIRECTION ( 'NONE',  ( -0.000000000000000000, -0.000000000000000000, -1.000000000000000000 ) ) ;
#807 = EDGE_CURVE ( 'NONE', #502, #641, #1052, .T. ) ;
#808 = CARTESIAN_POINT ( 'NONE',  ( -4.262550633610508122, 15.04710100683859508, 5.632939100365032203 ) ) ;
#809 = CARTESIAN_POINT ( 'NONE',  ( -4.262550633610508122, 15.04710100683859508, 5.632939100365032203 ) ) ;
#810 = ORIENTED_EDGE ( 'NONE', *, *, #1310, .F. ) ;
#811 = CARTESIAN_POINT ( 'NONE',  ( -21.12970836264689467, -0.4528989931613450204, 4.194267226448972430 ) ) ;
#812 = DIRECTION ( 'NONE',  ( -1.000000000000000000, 0.000000000000000000, 0.000000000000000000 ) ) ;
#813 = CARTESIAN_POINT ( 'NONE',  ( 21.56707915467073988, 20.30761324897690301, 7.418876601448972430 ) ) ;
#814 = CARTESIAN_POINT ( 'NONE',  ( -26.63292084532926296, 15.04710100683859864, 7.694267226448971542 ) ) ;
#815 = CARTESIAN_POINT ( 'NONE',  ( -0.4169711030918236139, 24.33115126460116429, 5.533720350365032736 ) ) ;
#816 = EDGE_CURVE ( 'NONE', #1943, #901, #75, .T. ) ;
#817 = CARTESIAN_POINT ( 'NONE',  ( 21.99670894295199020, 20.48557173408247678, 4.491923475365032559 ) ) ;
#818 = CARTESIAN_POINT ( 'NONE',  ( 18.15112941243330980, 24.33115126460116429, 5.434501600365032381 ) ) ;
#819 = ORIENTED_EDGE ( 'NONE', *, *, #395, .T. ) ;
#820 = CARTESIAN_POINT ( 'NONE',  ( 21.99670894295199020, 20.48557173408247678, 6.972392225365033447 ) ) ;
#821 = CARTESIAN_POINT ( 'NONE',  ( -3.832920845329261361, 9.786588764700287157, 6.228251601448972607 ) ) ;
#822 = CARTESIAN_POINT ( 'NONE',  ( 21.99670894295199020, 20.48557173408247678, 5.285673475365033624 ) ) ;
#823 = CARTESIAN_POINT ( 'NONE',  ( 8.867079154670740593, 15.04710100683859331, 5.694267226448971542 ) ) ;
#824 = APPLICATION_CONTEXT ( 'automotive_design' ) ;
#825 = CARTESIAN_POINT ( 'NONE',  ( 17.84733527573989420, 24.02735712790774514, 4.888798474281092155 ) ) ;
#826 = EDGE_CURVE ( 'NONE', #558, #1218, #693, .T. ) ;
#827 = CARTESIAN_POINT ( 'NONE',  ( 14.30554988191462407, 28.17673079511984113, 4.591142225365032026 ) ) ;
#828 = AXIS2_PLACEMENT_3D ( 'NONE', #1373, #1028, #1076 ) ;
#829 = ORIENTED_EDGE ( 'NONE', *, *, #1253, .F. ) ;
#830 = CARTESIAN_POINT ( 'NONE',  ( 17.84733527573989420, 24.02735712790774514, 5.880985976448972252 ) ) ;
#831 = VECTOR ( 'NONE', #1999, 999.9999999999998863 ) ;
#832 = VECTOR ( 'NONE', #791, 1000.000000000000000 ) ;
#833 = DIRECTION ( 'NONE',  ( -1.000000000000000000, 0.000000000000000000, 0.000000000000000000 ) ) ;
#834 = CARTESIAN_POINT ( 'NONE',  ( 21.56707915467073988, 15.04710100683859331, 7.170829724281091444 ) ) ;
#835 = AXIS2_PLACEMENT_3D ( 'NONE', #426, #231, #83 ) ;
#836 = CARTESIAN_POINT ( 'NONE',  ( 8.867079154670740593, 46.04710100683859508, 4.194267226448972430 ) ) ;
#837 = VERTEX_POINT ( 'NONE', #781 ) ;
#838 = CARTESIAN_POINT ( 'NONE',  ( 21.99670894295199020, 20.48557173408247678, 6.178642225365032381 ) ) ;
#839 = ORIENTED_EDGE ( 'NONE', *, *, #475, .F. ) ;
#840 = CARTESIAN_POINT ( 'NONE',  ( -14.82970836264679093, 30.54710100683871943, 4.194267226448972430 ) ) ;
#841 = CARTESIAN_POINT ( 'NONE',  ( 21.99670894295198664, 9.608630279594700951, 6.873173475365033092 ) ) ;
#842 = FACE_OUTER_BOUND ( 'NONE', #1536, .T. ) ;
#843 = CARTESIAN_POINT ( 'NONE',  ( -4.262550633610508122, 20.48557173408247678, 4.789579725365031848 ) ) ;
#844 = FACE_OUTER_BOUND ( 'NONE', #1417, .T. ) ;
#845 = CARTESIAN_POINT ( 'NONE',  ( 18.15112941243330980, 24.33115126460116429, 5.335282850365032026 ) ) ;
#846 = CARTESIAN_POINT ( 'NONE',  ( -0.4169711030918271111, 5.763050749076029433, 6.625126600365032203 ) ) ;
#847 = VERTEX_POINT ( 'NONE', #1721 ) ;
#848 = CARTESIAN_POINT ( 'NONE',  ( 8.867079154670740593, -15.95289899316140669, 4.194267226448972430 ) ) ;
#849 = FACE_OUTER_BOUND ( 'NONE', #1361, .T. ) ;
#850 = CARTESIAN_POINT ( 'NONE',  ( 14.62749165206511215, 3.463781912716290101, 7.694267226448971542 ) ) ;
#851 = CARTESIAN_POINT ( 'NONE',  ( 3.428608427426859340, 28.17673079511984113, 4.690360975365033269 ) ) ;
#852 = ADVANCED_FACE ( 'NONE', ( #446 ), #305, .F. ) ;
#853 = EDGE_CURVE ( 'NONE', #119, #1333, #1279, .T. ) ;
#854 = CARTESIAN_POINT ( 'NONE',  ( 17.84733527573989065, 6.066844885769438811, 7.071610974281091977 ) ) ;
#855 = CARTESIAN_POINT ( 'NONE',  ( 8.867079154670738816, 1.917471218557344592, 6.625126600365032203 ) ) ;
#856 = CARTESIAN_POINT ( 'NONE',  ( 3.428608427426850902, 1.917471218557348145, 6.674735975365033269 ) ) ;
#857 = CARTESIAN_POINT ( 'NONE',  ( -17.97970836264679306, 30.54710100683871943, 4.194267226448972430 ) ) ;
#858 = CARTESIAN_POINT ( 'NONE',  ( 21.56707915467075409, 9.786588764700294263, 5.732157851448972607 ) ) ;
#859 = CARTESIAN_POINT ( 'NONE',  ( 6.936151178331208200, 2.390409867356441342, 7.694267226448971542 ) ) ;
#860 = DIRECTION ( 'NONE',  ( -1.000000000000000000, 0.000000000000000000, 0.000000000000000000 ) ) ;
#861 = CARTESIAN_POINT ( 'NONE',  ( 21.99670894295199020, 20.48557173408247678, 6.873173475365032203 ) ) ;
#862 = CIRCLE ( 'NONE', #1474, 12.69999999999999929 ) ;
#863 = ADVANCED_FACE ( 'NONE', ( #1272 ), #1903, .F. ) ;
#864 = DIRECTION ( 'NONE',  ( -0.000000000000000000, -0.000000000000000000, -1.000000000000000000 ) ) ;
#865 = CARTESIAN_POINT ( 'NONE',  ( -17.97970836264679306, 30.54710100683871943, 4.194267226448972430 ) ) ;
#866 = CONICAL_SURFACE ( 'NONE', #467, 3.149999999999999911, 0.7853981633974480570 ) ;
#867 = AXIS2_PLACEMENT_3D ( 'NONE', #70, #892, #703 ) ;
#868 = ADVANCED_FACE ( 'NONE', ( #927 ), #1755, .F. ) ;
#869 = ORIENTED_EDGE ( 'NONE', *, *, #34, .T. ) ;
#870 = CARTESIAN_POINT ( 'NONE',  ( 21.99670894295198664, 9.608630279594702728, 5.285673475365033624 ) ) ;
#871 = ORIENTED_EDGE ( 'NONE', *, *, #233, .F. ) ;
#872 = CARTESIAN_POINT ( 'NONE',  ( -3.832920845329258253, 15.04710100683859508, 7.567704724281091089 ) ) ;
#873 = DIRECTION ( 'NONE',  ( 0.000000000000000000, 0.000000000000000000, -1.000000000000000000 ) ) ;
#874 = DIRECTION ( 'NONE',  ( -0.000000000000000000, -0.000000000000000000, -1.000000000000000000 ) ) ;
#875 = CARTESIAN_POINT ( 'NONE',  ( 3.428608427426859340, 28.17673079511984113, 6.277860975365033624 ) ) ;
#876 = CARTESIAN_POINT ( 'NONE',  ( -3.832920845329258253, 15.04710100683859508, 5.694267226448971542 ) ) ;
#877 = ORIENTED_EDGE ( 'NONE', *, *, #1794, .F. ) ;
#878 = DIRECTION ( 'NONE',  ( -1.000000000000000000, 0.000000000000000000, 0.000000000000000000 ) ) ;
#879 = CARTESIAN_POINT ( 'NONE',  ( -0.4169711030918236139, 24.33115126460116429, 4.839189100365032914 ) ) ;
#880 = EDGE_CURVE ( 'NONE', #847, #1021, #1392, .T. ) ;
#881 = ORIENTED_EDGE ( 'NONE', *, *, #607, .T. ) ;
#882 = CARTESIAN_POINT ( 'NONE',  ( 12.01707915467074095, 46.04710100683859508, 4.194267226448972430 ) ) ;
#883 = CARTESIAN_POINT ( 'NONE',  ( -0.1131769663984105029, 24.02735712790774514, 4.491923476448972607 ) ) ;
#884 = DIRECTION ( 'NONE',  ( -0.000000000000000000, -0.000000000000000000, 1.000000000000000000 ) ) ;
#885 = LINE ( 'NONE', #1534, #1306 ) ;
#886 = CARTESIAN_POINT ( 'NONE',  ( -2.942946311183927577, 19.75610715218833491, 7.694267226448972430 ) ) ;
#887 = ORIENTED_EDGE ( 'NONE', *, *, #1401, .T. ) ;
#888 = CARTESIAN_POINT ( 'NONE',  ( -4.262550633610508122, 20.48557173408247678, 4.888798475365033092 ) ) ;
#889 = EDGE_CURVE ( 'NONE', #1375, #126, #773, .T. ) ;
#890 = VERTEX_POINT ( 'NONE', #294 ) ;
#891 = CARTESIAN_POINT ( 'NONE',  ( -3.832920845329258253, 15.04710100683859508, 5.186454724281091444 ) ) ;
#892 = DIRECTION ( 'NONE',  ( -0.000000000000000000, -0.000000000000000000, 1.000000000000000000 ) ) ;
#893 = CARTESIAN_POINT ( 'NONE',  ( 21.56707915467072567, 20.30761324897691011, 5.037626601448971897 ) ) ;
#894 = EDGE_LOOP ( 'NONE', ( #1629, #1761, #918, #54 ) ) ;
#895 = CARTESIAN_POINT ( 'NONE',  ( -4.262550633610511674, 9.608630279594713386, 6.476298475365032559 ) ) ;
#896 = UNCERTAINTY_MEASURE_WITH_UNIT (LENGTH_MEASURE( 1.000000000000000082E-05 ), #1260, 'distance_accuracy_value', 'NONE');
#897 = CARTESIAN_POINT ( 'NONE',  ( 19.01841957326871224, 23.36305993098679679, 7.694267226448968877 ) ) ;
#898 = CARTESIAN_POINT ( 'NONE',  ( 35.71386667198815701, -0.4528989931617197207, 4.194267226448972430 ) ) ;
#899 = AXIS2_PLACEMENT_3D ( 'NONE', #539, #264, #1212 ) ;
#900 = AXIS2_PLACEMENT_3D ( 'NONE', #413, #1049, #1695 ) ;
#901 = VERTEX_POINT ( 'NONE', #1893 ) ;
#902 = CARTESIAN_POINT ( 'NONE',  ( -4.262550633610508122, 20.48557173408247678, 7.270048475365033624 ) ) ;
#903 = B_SPLINE_CURVE_WITH_KNOTS ( 'NONE', 3,
 ( #423, #1060, #278, #2028, #1237, #384, #1012, #859, #82, #1675, #243, #1128, #1146, #199, #1775, #850, #1300, #1785, #1005, #1470, #1458, #1625, #1930, #1654, #652, #213, #1950, #1960, #1482, #337 ),
 .UNSPECIFIED., .F., .F.,
 ( 4, 2, 2, 2, 2, 2, 2, 2, 2, 2, 2, 2, 2, 2, 4 ),
 ( 0.000000000000000000, 0.001586259140423981490, 0.003172518280847962981, 0.004758777421271944905, 0.006345036561695925961, 0.009517554842543889809, 0.01110381398296787087, 0.01269007312339185192, 0.01427633226381583298, 0.01586259140423981404, 0.01744885054466379509, 0.01903510968508777962, 0.02220762796593573826, 0.02379388710635971585, 0.02538014624678369691 ),
 .UNSPECIFIED. ) ;
#904 = CARTESIAN_POINT ( 'NONE',  ( 14.30554988191462584, 1.917471218557346369, 7.567704725365032914 ) ) ;
#905 = ORIENTED_EDGE ( 'NONE', *, *, #1397, .F. ) ;
#906 = DIRECTION ( 'NONE',  ( -0.000000000000000000, -0.000000000000000000, -1.000000000000000000 ) ) ;
#907 = CARTESIAN_POINT ( 'NONE',  ( 21.56707915467073633, 9.786588764700278276, 6.525907851448971897 ) ) ;
#908 = CARTESIAN_POINT ( 'NONE',  ( -3.832920845329258253, 15.04710100683859508, 7.694267226448971542 ) ) ;
#909 = ORIENTED_EDGE ( 'NONE', *, *, #972, .T. ) ;
#910 = CARTESIAN_POINT ( 'NONE',  ( -17.97970836264689609, -0.4528989931613450204, 4.194267226448972430 ) ) ;
#911 = ADVANCED_FACE ( 'NONE', ( #1404 ), #536, .T. ) ;
#912 = CARTESIAN_POINT ( 'NONE',  ( 12.41514850893561572, 27.54316025423818814, 7.694267226448973318 ) ) ;
#913 = CYLINDRICAL_SURFACE ( 'NONE', #963, 12.69999999999999929 ) ;
#914 = ORIENTED_EDGE ( 'NONE', *, *, #1202, .T. ) ;
#915 = CARTESIAN_POINT ( 'NONE',  ( -3.832920845329258253, 15.04710100683859508, 4.591142226448972075 ) ) ;
#916 = CARTESIAN_POINT ( 'NONE',  ( 3.428608427426850902, 1.917471218557348145, 7.468485975365032559 ) ) ;
#917 = ORIENTED_EDGE ( 'NONE', *, *, #372, .T. ) ;
#918 = ORIENTED_EDGE ( 'NONE', *, *, #621, .T. ) ;
#919 = CYLINDRICAL_SURFACE ( 'NONE', #936, 1.700000000000000178 ) ;
#920 = CARTESIAN_POINT ( 'NONE',  ( -0.4169711030918236139, 24.33115126460116429, 5.632939100365032203 ) ) ;
#921 = CARTESIAN_POINT ( 'NONE',  ( 21.56707915467073988, 15.04710100683859331, 6.377079724281092155 ) ) ;
#922 = LINE ( 'NONE', #1554, #1607 ) ;
#923 = ADVANCED_FACE ( 'NONE', ( #236 ), #730, .F. ) ;
#924 = CARTESIAN_POINT ( 'NONE',  ( -3.832920845329258253, 20.30761324897690301, 4.541532851448972785 ) ) ;
#925 = CARTESIAN_POINT ( 'NONE',  ( 21.99670894295198664, 9.608630279594702728, 7.666923475365033269 ) ) ;
#926 = VERTEX_POINT ( 'NONE', #580 ) ;
#927 = FACE_OUTER_BOUND ( 'NONE', #1081, .T. ) ;
#928 = VERTEX_POINT ( 'NONE', #1750 ) ;
#929 = CARTESIAN_POINT ( 'NONE',  ( -1.719053301121175714, 8.011055224528712770, 7.694267226448973318 ) ) ;
#930 = CARTESIAN_POINT ( 'NONE',  ( 8.867079154670738816, 1.917471218557344592, 5.136845350365033092 ) ) ;
#931 = SURFACE_STYLE_USAGE ( .BOTH. , #1120 ) ;
#932 = CARTESIAN_POINT ( 'NONE',  ( 3.428608427426851346, 1.917471218557347923, 6.575517225365033802 ) ) ;
#933 = CARTESIAN_POINT ( 'NONE',  ( 21.56707915467073988, 15.04710100683859331, 5.781767226448972785 ) ) ;
#934 = CARTESIAN_POINT ( 'NONE',  ( 14.30554988191462407, 28.17673079511984113, 7.865360975365033092 ) ) ;
#935 = EDGE_CURVE ( 'NONE', #1477, #714, #1672, .T. ) ;
#936 = AXIS2_PLACEMENT_3D ( 'NONE', #1118, #481, #296 ) ;
#937 = ORIENTED_EDGE ( 'NONE', *, *, #1832, .T. ) ;
#938 = CARTESIAN_POINT ( 'NONE',  ( -3.832920845329279125, 9.786588764700304921, 7.022001601448971897 ) ) ;
#939 = CIRCLE ( 'NONE', #900, 1.700000000000000178 ) ;
#940 = FACE_OUTER_BOUND ( 'NONE', #1837, .T. ) ;
#941 = CARTESIAN_POINT ( 'NONE',  ( -4.262550633610511674, 9.608630279594713386, 5.781767225365032736 ) ) ;
#942 = FACE_BOUND ( 'NONE', #649, .T. ) ;
#943 = CARTESIAN_POINT ( 'NONE',  ( 14.30554988191462940, 1.917471218557346369, 5.087235975365032914 ) ) ;
#944 = CARTESIAN_POINT ( 'NONE',  ( 3.606566912532434444, 27.74710100683859793, 6.029814101448971897 ) ) ;
#945 = CARTESIAN_POINT ( 'NONE',  ( 8.867079154670740593, 28.17673079511984113, 7.121220350365033092 ) ) ;
#946 = CARTESIAN_POINT ( 'NONE',  ( 18.15112941243330624, 5.763050749076025880, 7.617314100365032203 ) ) ;
#947 = ADVANCED_FACE ( 'NONE', ( #117 ), #763, .T. ) ;
#948 = ORIENTED_EDGE ( 'NONE', *, *, #1652, .T. ) ;
#949 =( NAMED_UNIT ( * ) SI_UNIT ( $, .STERADIAN. ) SOLID_ANGLE_UNIT ( ) );
#950 = EDGE_CURVE ( 'NONE', #790, #1239, #1806, .T. ) ;
#951 = ORIENTED_EDGE ( 'NONE', *, *, #1491, .T. ) ;
#952 = CARTESIAN_POINT ( 'NONE',  ( -19.67970836264689538, -0.4528989931613450204, 5.644267226448972607 ) ) ;
#953 = CARTESIAN_POINT ( 'NONE',  ( 18.15112941243330980, 24.33115126460116429, 6.228251600365032559 ) ) ;
#954 = FACE_OUTER_BOUND ( 'NONE', #1161, .T. ) ;
#955 = CARTESIAN_POINT ( 'NONE',  ( 21.99670894295198664, 9.608630279594700951, 5.980204725365032559 ) ) ;
#956 = CARTESIAN_POINT ( 'NONE',  ( -3.832920845329261361, 9.786588764700287157, 5.236064099281093398 ) ) ;
#957 = ORIENTED_EDGE ( 'NONE', *, *, #1724, .T. ) ;
#958 = DIRECTION ( 'NONE',  ( -0.000000000000000000, -0.000000000000000000, -1.000000000000000000 ) ) ;
#959 = VERTEX_POINT ( 'NONE', #132 ) ;
#960 = DIRECTION ( 'NONE',  ( 0.7071067811865473507, 8.659560562354931626E-17, -0.7071067811865477948 ) ) ;
#961 = CARTESIAN_POINT ( 'NONE',  ( -4.262550633610508122, 20.48557173408247678, 5.682548475365033269 ) ) ;
#962 = CARTESIAN_POINT ( 'NONE',  ( 14.30554988191462584, 28.17673079511984113, 6.178642225365032381 ) ) ;
#963 = AXIS2_PLACEMENT_3D ( 'NONE', #397, #115, #2033 ) ;
#964 = CARTESIAN_POINT ( 'NONE',  ( -4.262550633610511674, 9.608630279594713386, 5.682548475365032381 ) ) ;
#965 = AXIS2_PLACEMENT_3D ( 'NONE', #1812, #47, #366 ) ;
#966 = VECTOR ( 'NONE', #906, 1000.000000000000000 ) ;
#967 = EDGE_LOOP ( 'NONE', ( #585, #1869 ) ) ;
#968 = CARTESIAN_POINT ( 'NONE',  ( 21.56707915467073988, 15.04710100683859331, 5.781767226448972785 ) ) ;
#969 = AXIS2_PLACEMENT_3D ( 'NONE', #242, #873, #1522 ) ;
#970 = CARTESIAN_POINT ( 'NONE',  ( 8.867079154670740593, 15.04710100683859331, 5.694267226448971542 ) ) ;
#971 = DIRECTION ( 'NONE',  ( -1.000000000000000000, 0.000000000000000000, 0.000000000000000000 ) ) ;
#972 = EDGE_CURVE ( 'NONE', #1643, #162, #1132, .T. ) ;
#973 =( BOUNDED_CURVE ( )  B_SPLINE_CURVE ( 2, ( #968, #982, #830, #180, #69, #494, #976, #1500, #1467 ),
 .UNSPECIFIED., .F., .T. ) 
 B_SPLINE_CURVE_WITH_KNOTS ( ( 3, 2, 2, 2, 3 ),
 ( 0.4000000000000001332, 0.4250000000000000999, 0.4500000000000000666, 0.4749999999999999778, 0.5000000000000000000 ),
 .UNSPECIFIED. ) 
 CURVE ( )  GEOMETRIC_REPRESENTATION_ITEM ( )  RATIONAL_B_SPLINE_CURVE ( ( 0.9999999999999996669, 0.9238795325112870716, 1.000000000000000000, 0.9238795325112867385, 1.000000000000000000, 0.9238795325112867385, 1.000000000000000000, 0.9238795325112867385, 1.000000000000000000 ) ) 
 REPRESENTATION_ITEM ( '' )  );
#974 = CARTESIAN_POINT ( 'NONE',  ( 21.99670894295199020, 20.48557173408247678, 4.591142225365032026 ) ) ;
#975 = EDGE_LOOP ( 'NONE', ( #1766, #98 ) ) ;
#976 = CARTESIAN_POINT ( 'NONE',  ( -0.1131769663984105029, 24.02735712790774514, 6.079423476448972075 ) ) ;
#977 = DIRECTION ( 'NONE',  ( -1.000000000000000000, 0.000000000000000000, 0.000000000000000000 ) ) ;
#978 = CARTESIAN_POINT ( 'NONE',  ( 14.12759139680905207, 2.347101006838596238, 7.220439101448972607 ) ) ;
#979 = CARTESIAN_POINT ( 'NONE',  ( 19.91046509360202776, 22.16170655751624707, 7.694267226448972430 ) ) ;
#980 = CARTESIAN_POINT ( 'NONE',  ( -4.262550633610508122, 20.48557173408247678, 4.789579725365031848 ) ) ;
#981 = EDGE_LOOP ( 'NONE', ( #169, #1790, #241, #1270 ) ) ;
#982 = CARTESIAN_POINT ( 'NONE',  ( 21.56707915467071146, 20.30761324897692077, 5.831376601448972075 ) ) ;
#983 = CARTESIAN_POINT ( 'NONE',  ( -0.4169711030918271111, 5.763050749076029433, 7.418876600365032381 ) ) ;
#984 = CARTESIAN_POINT ( 'NONE',  ( 3.606566912532434444, 27.74710100683859793, 7.617314101448972252 ) ) ;
#985 = CARTESIAN_POINT ( 'NONE',  ( 8.867079154670738816, 2.347101006838594461, 6.377079726448972252 ) ) ;
#986 = CARTESIAN_POINT ( 'NONE',  ( 3.606566912532426450, 2.347101006838598458, 4.739970351448972607 ) ) ;
#987 = CARTESIAN_POINT ( 'NONE',  ( 3.606566912532426450, 2.347101006838598902, 5.335282849281091977 ) ) ;
#988 = CARTESIAN_POINT ( 'NONE',  ( 18.15112941243330980, 24.33115126460116429, 4.541532850365032736 ) ) ;
#989 = ADVANCED_FACE ( 'NONE', ( #618 ), #919, .F. ) ;
#990 = AXIS2_PLACEMENT_3D ( 'NONE', #321, #156, #601 ) ;
#991 = CIRCLE ( 'NONE', #141, 1.700000000000000178 ) ;
#992 = CIRCLE ( 'NONE', #1809, 3.149999999999999911 ) ;
#993 = FACE_OUTER_BOUND ( 'NONE', #1048, .T. ) ;
#994 = CARTESIAN_POINT ( 'NONE',  ( 3.606566912532434444, 27.74710100683859793, 6.823564101448971186 ) ) ;
#995 = CARTESIAN_POINT ( 'NONE',  ( -0.4169711030918236139, 24.33115126460116429, 4.739970350365032559 ) ) ;
#996 = AXIS2_PLACEMENT_3D ( 'NONE', #650, #1144, #812 ) ;
#997 = CARTESIAN_POINT ( 'NONE',  ( 21.99670894295198664, 9.608630279594700951, 7.567704725365032026 ) ) ;
#998 = CARTESIAN_POINT ( 'NONE',  ( 21.56707915467073988, 15.04710100683859331, 7.964579724281092510 ) ) ;
#999 = CARTESIAN_POINT ( 'NONE',  ( 21.99670894295199020, 20.48557173408247678, 5.384892225365033980 ) ) ;
#1000 = ORIENTED_EDGE ( 'NONE', *, *, #1542, .F. ) ;
#1001 = DIRECTION ( 'NONE',  ( -0.000000000000000000, -0.000000000000000000, 1.000000000000000000 ) ) ;
#1002 = CARTESIAN_POINT ( 'NONE',  ( 21.56707915467073988, 15.04710100683859331, 5.583329724281091977 ) ) ;
#1003 = ADVANCED_FACE ( 'NONE', ( #30 ), #2003, .F. ) ;
#1004 = CARTESIAN_POINT ( 'NONE',  ( 34.01386667198848102, 30.54710100683834639, 5.644267226448972607 ) ) ;
#1005 = CARTESIAN_POINT ( 'NONE',  ( 16.45175527730436116, 4.522560636565391867, 7.694267226448970654 ) ) ;
#1006 = CARTESIAN_POINT ( 'NONE',  ( 21.56707915467073988, 20.30761324897690301, 6.426689099281092332 ) ) ;
#1007 = CARTESIAN_POINT ( 'NONE',  ( -0.4169711030918271111, 5.763050749076029433, 5.037626600365032736 ) ) ;
#1008 = ORIENTED_EDGE ( 'NONE', *, *, #684, .T. ) ;
#1009 = CARTESIAN_POINT ( 'NONE',  ( -3.832920845329277348, 9.786588764700303145, 5.236064099281092510 ) ) ;
#1010 = EDGE_CURVE ( 'NONE', #579, #519, #1448, .T. ) ;
#1011 = CARTESIAN_POINT ( 'NONE',  ( 14.12759139680905207, 2.347101006838596238, 5.632939101448972252 ) ) ;
#1012 = CARTESIAN_POINT ( 'NONE',  ( 5.904550220118509607, 2.610075306729490840, 7.694267226448971542 ) ) ;
#1013 = DIRECTION ( 'NONE',  ( -0.000000000000000000, -0.000000000000000000, -1.000000000000000000 ) ) ;
#1014 = CARTESIAN_POINT ( 'NONE',  ( 18.15112941243330980, 24.33115126460116429, 4.541532850365032736 ) ) ;
#1015 = EDGE_CURVE ( 'NONE', #519, #362, #273, .T. ) ;
#1016 = CARTESIAN_POINT ( 'NONE',  ( 21.56707915467073988, 15.04710100683859331, 4.491923475365032559 ) ) ;
#1017 = CARTESIAN_POINT ( 'NONE',  ( 32.56386667198848528, 30.54710100683834639, 4.194267226448972430 ) ) ;
#1018 = CARTESIAN_POINT ( 'NONE',  ( 14.12759139680904852, 27.74710100683859793, 8.113407849281092155 ) ) ;
#1019 = CARTESIAN_POINT ( 'NONE',  ( -4.262550633610508122, 20.48557173408247678, 7.170829725365032381 ) ) ;
#1020 = CARTESIAN_POINT ( 'NONE',  ( 21.99670894295198664, 9.608630279594702728, 6.873173475365033092 ) ) ;
#1021 = VERTEX_POINT ( 'NONE', #952 ) ;
#1022 = CARTESIAN_POINT ( 'NONE',  ( 8.867079154670740593, 15.04710100683859331, 4.194267226448972430 ) ) ;
#1023 = AXIS2_PLACEMENT_3D ( 'NONE', #146, #1409, #458 ) ;
#1024 = CARTESIAN_POINT ( 'NONE',  ( 21.56707915467073988, 15.04710100683859331, 6.575517226448972075 ) ) ;
#1025 = CARTESIAN_POINT ( 'NONE',  ( -26.63292084532926296, 15.04710100683859864, 5.694267226448971542 ) ) ;
#1026 = CARTESIAN_POINT ( 'NONE',  ( 21.99670894295198664, 9.608630279594702728, 5.980204725365032559 ) ) ;
#1027 = DIRECTION ( 'NONE',  ( 0.000000000000000000, 0.000000000000000000, -1.000000000000000000 ) ) ;
#1028 = DIRECTION ( 'NONE',  ( -0.000000000000000000, -0.000000000000000000, -1.000000000000000000 ) ) ;
#1029 = AXIS2_PLACEMENT_3D ( 'NONE', #1671, #702, #1390 ) ;
#1030 = AXIS2_PLACEMENT_3D ( 'NONE', #1379, #1993, #1183 ) ;
#1031 = EDGE_LOOP ( 'NONE', ( #1156, #537, #624, #2004 ) ) ;
#1032 = CARTESIAN_POINT ( 'NONE',  ( 3.606566912532434444, 27.74710100683859793, 7.418876599281091444 ) ) ;
#1033 = CARTESIAN_POINT ( 'NONE',  ( -0.4169711030918271111, 5.763050749076029433, 6.525907850365032736 ) ) ;
#1034 = CARTESIAN_POINT ( 'NONE',  ( 21.99670894295199020, 20.48557173408247678, 6.972392225365032559 ) ) ;
#1035 = ORIENTED_EDGE ( 'NONE', *, *, #1233, .T. ) ;
#1036 = CARTESIAN_POINT ( 'NONE',  ( -21.12970836264679164, 30.54710100683871943, 4.194267226448972430 ) ) ;
#1037 = DIRECTION ( 'NONE',  ( -1.000000000000000000, 0.000000000000000000, 0.000000000000000000 ) ) ;
#1038 = CARTESIAN_POINT ( 'NONE',  ( 3.606566912532434444, 27.74710100683859793, 5.037626599281090911 ) ) ;
#1039 = DIRECTION ( 'NONE',  ( 0.000000000000000000, 0.000000000000000000, -1.000000000000000000 ) ) ;
#1040 = CARTESIAN_POINT ( 'NONE',  ( 21.99670894295199020, 20.48557173408247678, 6.079423475365032026 ) ) ;
#1041 =( BOUNDED_CURVE ( )  B_SPLINE_CURVE ( 2, ( #507, #695, #232, #986, #387, #368, #1648, #1514, #1496 ),
 .UNSPECIFIED., .F., .T. ) 
 B_SPLINE_CURVE_WITH_KNOTS ( ( 3, 2, 2, 2, 3 ),
 ( 0.09999999999999992228, 0.1249999999999999445, 0.1499999999999999667, 0.1750000000000000167, 0.2000000000000000666 ),
 .UNSPECIFIED. ) 
 CURVE ( )  GEOMETRIC_REPRESENTATION_ITEM ( )  RATIONAL_B_SPLINE_CURVE ( ( 1.000000000000000222, 0.9238795325112865164, 1.000000000000000000, 0.9238795325112867385, 1.000000000000000000, 0.9238795325112867385, 1.000000000000000000, 0.9238795325112865164, 1.000000000000000222 ) ) 
 REPRESENTATION_ITEM ( '' )  );
#1042 = LINE ( 'NONE', #876, #665 ) ;
#1043 = DIRECTION ( 'NONE',  ( -1.000000000000000000, 0.000000000000000000, 0.000000000000000000 ) ) ;
#1044 = ADVANCED_FACE ( 'NONE', ( #940 ), #1406, .F. ) ;
#1045 = VERTEX_POINT ( 'NONE', #1255 ) ;
#1046 = CARTESIAN_POINT ( 'NONE',  ( -1.425670809429399055, 23.32245155826358740, 7.927982943550784256 ) ) ;
#1047 = EDGE_CURVE ( 'NONE', #1403, #1045, #800, .T. ) ;
#1048 = EDGE_LOOP ( 'NONE', ( #103, #1254, #1702, #1077 ) ) ;
#1049 = DIRECTION ( 'NONE',  ( -0.000000000000000000, -0.000000000000000000, -1.000000000000000000 ) ) ;
#1050 = CARTESIAN_POINT ( 'NONE',  ( 35.71386667198848386, 30.54710100683834639, 4.194267226448972430 ) ) ;
#1051 = CARTESIAN_POINT ( 'NONE',  ( 14.12759139680904852, 27.74710100683859793, 4.343095351448973851 ) ) ;
#1052 = LINE ( 'NONE', #1698, #1608 ) ;
#1053 = ORIENTED_EDGE ( 'NONE', *, *, #1464, .T. ) ;
#1054 = CARTESIAN_POINT ( 'NONE',  ( 14.30554988191462407, 28.17673079511984113, 6.178642225365032381 ) ) ;
#1055 = CARTESIAN_POINT ( 'NONE',  ( -3.832920845329258253, 15.04710100683859508, 5.694267226448971542 ) ) ;
#1056 = CARTESIAN_POINT ( 'NONE',  ( -1.832258947375298153, 21.88919400272320459, 7.694037751410497172 ) ) ;
#1057 = ORIENTED_EDGE ( 'NONE', *, *, #950, .T. ) ;
#1058 = CARTESIAN_POINT ( 'NONE',  ( -2.194203356710891839, 22.12065793251079526, 7.941849472288216916 ) ) ;
#1059 = ORIENTED_EDGE ( 'NONE', *, *, #1978, .T. ) ;
#1060 = CARTESIAN_POINT ( 'NONE',  ( 2.505884691356877081, 4.031707635328929840, 7.694267226448972430 ) ) ;
#1061 = ORIENTED_EDGE ( 'NONE', *, *, #1424, .T. ) ;
#1062 = CARTESIAN_POINT ( 'NONE',  ( -4.262550633610508122, 15.04710100683859508, 6.426689100365032381 ) ) ;
#1063 = CARTESIAN_POINT ( 'NONE',  ( 14.41511372308118411, 26.83295726759630995, 7.694267226448972430 ) ) ;
#1064 = CARTESIAN_POINT ( 'NONE',  ( -3.832920845329258253, 15.04710100683859508, 6.773954724281091799 ) ) ;
#1065 = VECTOR ( 'NONE', #1784, 999.9999999999998863 ) ;
#1066 = AXIS2_PLACEMENT_3D ( 'NONE', #219, #1957, #37 ) ;
#1067 = ORIENTED_EDGE ( 'NONE', *, *, #1015, .T. ) ;
#1068 = CARTESIAN_POINT ( 'NONE',  ( 21.56707915467073633, 9.786588764700278276, 4.938407851448972430 ) ) ;
#1069 = CARTESIAN_POINT ( 'NONE',  ( -0.4169711030918271111, 5.763050749076029433, 6.625126600365032203 ) ) ;
#1070 = AXIS2_PLACEMENT_3D ( 'NONE', #1696, #405, #1037 ) ;
#1071 = ORIENTED_EDGE ( 'NONE', *, *, #767, .F. ) ;
#1072 = CARTESIAN_POINT ( 'NONE',  ( 44.36707915467075480, 15.04710100683859331, 4.194267226448972430 ) ) ;
#1073 = EDGE_CURVE ( 'NONE', #1107, #1943, #487, .T. ) ;
#1074 = EDGE_LOOP ( 'NONE', ( #869, #493, #917, #1996 ) ) ;
#1075 = CARTESIAN_POINT ( 'NONE',  ( -4.262550633610508122, 15.04710100683859508, 5.632939100365032203 ) ) ;
#1076 = DIRECTION ( 'NONE',  ( -1.000000000000000000, 0.000000000000000000, 0.000000000000000000 ) ) ;
#1077 = ORIENTED_EDGE ( 'NONE', *, *, #826, .T. ) ;
#1078 = CARTESIAN_POINT ( 'NONE',  ( 3.606566912532426450, 2.347101006838598902, 4.739970351448972607 ) ) ;
#1079 = CARTESIAN_POINT ( 'NONE',  ( 14.30554988191462584, 1.917471218557346369, 7.567704725365032914 ) ) ;
#1080 = CARTESIAN_POINT ( 'NONE',  ( -4.262550633610511674, 9.608630279594713386, 7.369267225365033980 ) ) ;
#1081 = EDGE_LOOP ( 'NONE', ( #447, #90, #315, #598 ) ) ;
#1082 = CARTESIAN_POINT ( 'NONE',  ( 21.56707915467073988, 15.04710100683859331, 5.583329724281091977 ) ) ;
#1083 = ORIENTED_EDGE ( 'NONE', *, *, #880, .F. ) ;
#1084 = CARTESIAN_POINT ( 'NONE',  ( -0.7546795786288315044, 6.740546911440054245, 7.694267226448974206 ) ) ;
#1085 = EDGE_CURVE ( 'NONE', #890, #589, #287, .T. ) ;
#1086 = CARTESIAN_POINT ( 'NONE',  ( -0.4169711030918271111, 5.763050749076029433, 5.037626600365032736 ) ) ;
#1087 = DIRECTION ( 'NONE',  ( -0.000000000000000000, -0.000000000000000000, -1.000000000000000000 ) ) ;
#1088 = ADVANCED_FACE ( 'NONE', ( #1418 ), #803, .T. ) ;
#1089 = CARTESIAN_POINT ( 'NONE',  ( 21.99670894295199020, 15.04710100683859331, 5.236064100365032559 ) ) ;
#1090 = CARTESIAN_POINT ( 'NONE',  ( 17.84733527573989065, 6.066844885769438811, 5.682548476448972430 ) ) ;
#1091 = CARTESIAN_POINT ( 'NONE',  ( -3.832920845329270243, 9.786588764700296039, 6.823564099281091089 ) ) ;
#1092 = ORIENTED_EDGE ( 'NONE', *, *, #1519, .F. ) ;
#1093 = PRODUCT_CONTEXT ( 'NONE', #824, 'mechanical' ) ;
#1094 = ORIENTED_EDGE ( 'NONE', *, *, #1618, .T. ) ;
#1095 = DIRECTION ( 'NONE',  ( -1.000000000000000000, 0.000000000000000000, 0.000000000000000000 ) ) ;
#1096 = CARTESIAN_POINT ( 'NONE',  ( 18.15112941243330980, 24.33115126460116429, 5.434501600365032381 ) ) ;
#1097 = FACE_BOUND ( 'NONE', #1914, .T. ) ;
#1098 = VECTOR ( 'NONE', #1804, 999.9999999999998863 ) ;
#1099 = EDGE_CURVE ( 'NONE', #928, #721, #234, .T. ) ;
#1100 = CIRCLE ( 'NONE', #1335, 1.700000000000000178 ) ;
#1101 = CARTESIAN_POINT ( 'NONE',  ( -0.4169711030918271111, 5.763050749076029433, 7.418876600365032381 ) ) ;
#1102 = AXIS2_PLACEMENT_3D ( 'NONE', #153, #789, #161 ) ;
#1103 = CARTESIAN_POINT ( 'NONE',  ( 3.428608427426859340, 28.17673079511984113, 7.964579725365032559 ) ) ;
#1104 = ORIENTED_EDGE ( 'NONE', *, *, #160, .T. ) ;
#1105 = CARTESIAN_POINT ( 'NONE',  ( 10.56707915467073988, -15.95289899316140669, 7.694267226448971542 ) ) ;
#1106 = AXIS2_PLACEMENT_3D ( 'NONE', #555, #101, #543 ) ;
#1107 = VERTEX_POINT ( 'NONE', #55 ) ;
#1108 = CARTESIAN_POINT ( 'NONE',  ( -3.666280736865443313, 12.92831488963188846, 7.694267226448973318 ) ) ;
#1109 = CARTESIAN_POINT ( 'NONE',  ( 0.9157860161394926202, 25.09792403262464333, 7.694267226448967989 ) ) ;
#1110 = CARTESIAN_POINT ( 'NONE',  ( 12.01707915467074095, -15.95289899316140669, 4.194267226448972430 ) ) ;
#1111 = CARTESIAN_POINT ( 'NONE',  ( 8.867079154670740593, 28.17673079511984113, 4.640751600365032203 ) ) ;
#1112 = ADVANCED_FACE ( 'NONE', ( #1772 ), #866, .F. ) ;
#1113 = CARTESIAN_POINT ( 'NONE',  ( -0.1131769663984105029, 24.02735712790774514, 5.880985974281091266 ) ) ;
#1114 = ORIENTED_EDGE ( 'NONE', *, *, #160, .F. ) ;
#1115 = CARTESIAN_POINT ( 'NONE',  ( -3.832920845329258253, 15.04710100683859508, 6.972392226448971719 ) ) ;
#1116 = DIRECTION ( 'NONE',  ( -1.000000000000000000, 0.000000000000000000, 0.000000000000000000 ) ) ;
#1117 = ORIENTED_EDGE ( 'NONE', *, *, #1828, .T. ) ;
#1118 = CARTESIAN_POINT ( 'NONE',  ( 35.71386667198815701, -0.4528989931617197207, 4.194267226448972430 ) ) ;
#1119 = CARTESIAN_POINT ( 'NONE',  ( 14.30554988191462584, 28.17673079511984113, 4.690360975365033269 ) ) ;
#1120 = SURFACE_SIDE_STYLE ('',( #483 ) ) ;
#1121 = CARTESIAN_POINT ( 'NONE',  ( -4.262550633610508122, 20.48557173408247678, 5.583329725365032914 ) ) ;
#1122 = CARTESIAN_POINT ( 'NONE',  ( 3.606566912532426450, 2.347101006838598902, 6.129032849281092155 ) ) ;
#1123 =( BOUNDED_CURVE ( )  B_SPLINE_CURVE ( 2, ( #1532, #893, #725, #1368, #1510, #1830, #1545, #111, #584 ),
 .UNSPECIFIED., .F., .F. ) 
 B_SPLINE_CURVE_WITH_KNOTS ( ( 3, 2, 2, 2, 3 ),
 ( 0.2000000000000000666, 0.2250000000000000333, 0.2500000000000000000, 0.2750000000000000222, 0.2999999999999999889 ),
 .UNSPECIFIED. ) 
 CURVE ( )  GEOMETRIC_REPRESENTATION_ITEM ( )  RATIONAL_B_SPLINE_CURVE ( ( 0.9999999999999997780, 0.9238795325112869605, 1.000000000000000000, 0.9238795325112867385, 1.000000000000000000, 0.9238795325112867385, 1.000000000000000000, 0.9238795325112867385, 1.000000000000000000 ) ) 
 REPRESENTATION_ITEM ( '' )  );
#1124 = CARTESIAN_POINT ( 'NONE',  ( -16.27970836264689680, -0.4528989931613447983, 4.194267226448972430 ) ) ;
#1125 = ORIENTED_EDGE ( 'NONE', *, *, #647, .T. ) ;
#1126 = DIRECTION ( 'NONE',  ( -1.000000000000000000, 0.000000000000000000, 0.000000000000000000 ) ) ;
#1127 = CARTESIAN_POINT ( 'NONE',  ( 18.15112941243330624, 5.763050749076025880, 7.617314100365032203 ) ) ;
#1128 = CARTESIAN_POINT ( 'NONE',  ( 11.63064856613632791, 2.465246577136096295, 7.694267226448969765 ) ) ;
#1129 = CARTESIAN_POINT ( 'NONE',  ( 18.15112941243330980, 24.33115126460116429, 5.335282850365032026 ) ) ;
#1130 = AXIS2_PLACEMENT_3D ( 'NONE', #762, #1590, #336 ) ;
#1131 = CARTESIAN_POINT ( 'NONE',  ( 8.867079154670740593, 27.74710100683859437, 4.988017224281091622 ) ) ;
#1132 = CIRCLE ( 'NONE', #235, 1.700000000000000178 ) ;
#1133 = CARTESIAN_POINT ( 'NONE',  ( -0.4169711030918236139, 24.33115126460116429, 4.839189100365032914 ) ) ;
#1134 = ORIENTED_EDGE ( 'NONE', *, *, #1010, .T. ) ;
#1135 = DIRECTION ( 'NONE',  ( -0.000000000000000000, -0.000000000000000000, -1.000000000000000000 ) ) ;
#1136 = DIRECTION ( 'NONE',  ( -0.000000000000000000, -0.000000000000000000, -1.000000000000000000 ) ) ;
#1137 = CARTESIAN_POINT ( 'NONE',  ( -16.27970836264679022, 30.54710100683871943, 7.694267226448971542 ) ) ;
#1138 = CARTESIAN_POINT ( 'NONE',  ( 21.56707915467073988, 15.04710100683859331, 7.369267226448972252 ) ) ;
#1139 = CARTESIAN_POINT ( 'NONE',  ( 18.15112941243330624, 5.763050749076025880, 7.518095350365032736 ) ) ;
#1140 = FACE_OUTER_BOUND ( 'NONE', #1074, .T. ) ;
#1141 = CARTESIAN_POINT ( 'NONE',  ( 14.30554988191462584, 1.917471218557346369, 5.980204725365033447 ) ) ;
#1142 = ORIENTED_EDGE ( 'NONE', *, *, #711, .F. ) ;
#1143 = LINE ( 'NONE', #1622, #175 ) ;
#1144 = DIRECTION ( 'NONE',  ( -0.000000000000000000, -0.000000000000000000, -1.000000000000000000 ) ) ;
#1145 = CARTESIAN_POINT ( 'NONE',  ( -0.1131769663984105029, 24.02735712790774514, 6.873173476448972252 ) ) ;
#1146 = CARTESIAN_POINT ( 'NONE',  ( 12.14615482927225010, 2.580283893464266232, 7.694267226448968877 ) ) ;
#1147 = CARTESIAN_POINT ( 'NONE',  ( 17.84733527573989065, 6.066844885769438811, 6.476298476448972607 ) ) ;
#1148 = CYLINDRICAL_SURFACE ( 'NONE', #1439, 12.69999999999999929 ) ;
#1149 = ORIENTED_EDGE ( 'NONE', *, *, #1618, .F. ) ;
#1150 = CARTESIAN_POINT ( 'NONE',  ( 8.867079154670738816, 1.917471218557344592, 5.136845350365033092 ) ) ;
#1151 = DIRECTION ( 'NONE',  ( -1.000000000000000000, 0.000000000000000000, 0.000000000000000000 ) ) ;
#1152 = FACE_OUTER_BOUND ( 'NONE', #353, .T. ) ;
#1153 = CARTESIAN_POINT ( 'NONE',  ( -3.832920845329258253, 15.04710100683859508, 6.972392226448971719 ) ) ;
#1154 = CARTESIAN_POINT ( 'NONE',  ( 21.56707915467073988, 20.30761324897690301, 7.418876601448973318 ) ) ;
#1155 = ADVANCED_FACE ( 'NONE', ( #45 ), #1934, .F. ) ;
#1156 = ORIENTED_EDGE ( 'NONE', *, *, #1464, .F. ) ;
#1157 = CARTESIAN_POINT ( 'NONE',  ( 8.867079154670740593, 27.74710100683859437, 7.369267224281092155 ) ) ;
#1158 = CARTESIAN_POINT ( 'NONE',  ( -0.4169711030918236139, 24.33115126460116429, 4.739970350365032559 ) ) ;
#1159 = STYLED_ITEM ( 'NONE', ( #777 ), #449 ) ;
#1160 = CARTESIAN_POINT ( 'NONE',  ( 3.428608427426859340, 28.17673079511984113, 5.583329725365032914 ) ) ;
#1161 = EDGE_LOOP ( 'NONE', ( #1529, #756, #428, #345 ) ) ;
#1162 = DIRECTION ( 'NONE',  ( -0.000000000000000000, -0.000000000000000000, -1.000000000000000000 ) ) ;
#1163 = AXIS2_PLACEMENT_3D ( 'NONE', #1517, #248, #878 ) ;
#1164 = CIRCLE ( 'NONE', #276, 3.149999999999999911 ) ;
#1165 = DIRECTION ( 'NONE',  ( -0.000000000000000000, -0.000000000000000000, -1.000000000000000000 ) ) ;
#1166 = CARTESIAN_POINT ( 'NONE',  ( 8.867079154670740593, 27.74710100683859437, 6.773954726448972785 ) ) ;
#1167 = CARTESIAN_POINT ( 'NONE',  ( 21.56707915467073988, 20.30761324897690301, 6.625126601448972252 ) ) ;
#1168 = CONICAL_SURFACE ( 'NONE', #239, 3.149999999999999911, 0.7853981633974480570 ) ;
#1169 = CARTESIAN_POINT ( 'NONE',  ( 14.30554988191462940, 1.917471218557346369, 7.468485975365032559 ) ) ;
#1170 = CARTESIAN_POINT ( 'NONE',  ( 14.12759139680905207, 2.347101006838596238, 7.815751599281092865 ) ) ;
#1171 = CARTESIAN_POINT ( 'NONE',  ( 14.30554988191462407, 28.17673079511984113, 7.766142225365032736 ) ) ;
#1172 = CARTESIAN_POINT ( 'NONE',  ( -0.4169711030918236139, 24.33115126460116429, 6.426689100365032381 ) ) ;
#1173 = ORIENTED_EDGE ( 'NONE', *, *, #1099, .T. ) ;
#1174 = CARTESIAN_POINT ( 'NONE',  ( -0.1131769663984139723, 6.066844885769442364, 6.079423474281091977 ) ) ;
#1175 = DIRECTION ( 'NONE',  ( -1.000000000000000000, 0.000000000000000000, 0.000000000000000000 ) ) ;
#1176 = CARTESIAN_POINT ( 'NONE',  ( 8.867079154670740593, 46.04710100683859508, 5.644267226448972607 ) ) ;
#1177 = CARTESIAN_POINT ( 'NONE',  ( 9.796669278789073232, 27.95882740549196654, 7.694267226448972430 ) ) ;
#1178 = DIRECTION ( 'NONE',  ( -0.000000000000000000, -0.000000000000000000, 1.000000000000000000 ) ) ;
#1179 = CARTESIAN_POINT ( 'NONE',  ( 8.867079154670738816, 2.347101006838594461, 6.972392224281091622 ) ) ;
#1180 = CARTESIAN_POINT ( 'NONE',  ( 21.99670894295199020, 15.04710100683859331, 7.617314100365032203 ) ) ;
#1181 = ORIENTED_EDGE ( 'NONE', *, *, #740, .F. ) ;
#1182 = LINE ( 'NONE', #381, #1280 ) ;
#1183 = DIRECTION ( 'NONE',  ( 1.000000000000000000, 0.000000000000000000, 0.000000000000000000 ) ) ;
#1184 = CARTESIAN_POINT ( 'NONE',  ( 17.84733527573989420, 24.02735712790774514, 4.888798474281092155 ) ) ;
#1185 = CYLINDRICAL_SURFACE ( 'NONE', #466, 1.700000000000000178 ) ;
#1186 = VERTEX_POINT ( 'NONE', #520 ) ;
#1187 = CARTESIAN_POINT ( 'NONE',  ( -4.262550633610508122, 20.48557173408247678, 5.583329725365032914 ) ) ;
#1188 = UNCERTAINTY_MEASURE_WITH_UNIT (LENGTH_MEASURE( 1.000000000000000082E-05 ), #1605, 'distance_accuracy_value', 'NONE');
#1189 =( BOUNDED_CURVE ( )  B_SPLINE_CURVE ( 2, ( #227, #110, #1983, #383, #736, #1011, #1661, #858, #1840 ),
 .UNSPECIFIED., .F., .F. ) 
 B_SPLINE_CURVE_WITH_KNOTS ( ( 3, 2, 2, 2, 3 ),
 ( 0.2999999999999999889, 0.3250000000000000666, 0.3500000000000000333, 0.3750000000000001110, 0.4000000000000001332 ),
 .UNSPECIFIED. ) 
 CURVE ( )  GEOMETRIC_REPRESENTATION_ITEM ( )  RATIONAL_B_SPLINE_CURVE ( ( 1.000000000000000000, 0.9238795325112867385, 1.000000000000000000, 0.9238795325112867385, 1.000000000000000000, 0.9238795325112867385, 1.000000000000000000, 0.9238795325112864054, 1.000000000000000444 ) ) 
 REPRESENTATION_ITEM ( '' )  );
#1190 = DIRECTION ( 'NONE',  ( -0.7071067811865473507, 0.000000000000000000, -0.7071067811865477948 ) ) ;
#1191 = LINE ( 'NONE', #281, #557 ) ;
#1192 = ORIENTED_EDGE ( 'NONE', *, *, #492, .F. ) ;
#1193 = CARTESIAN_POINT ( 'NONE',  ( -0.1131769663984105029, 24.02735712790774514, 8.262235974281093576 ) ) ;
#1194 = CARTESIAN_POINT ( 'NONE',  ( 18.15112941243330980, 24.33115126460116429, 5.434501600365032381 ) ) ;
#1195 = ORIENTED_EDGE ( 'NONE', *, *, #889, .T. ) ;
#1196 = CARTESIAN_POINT ( 'NONE',  ( 21.56707915467075054, 9.786588764700287157, 6.327470349281092865 ) ) ;
#1197 = FACE_BOUND ( 'NONE', #9, .T. ) ;
#1198 = CARTESIAN_POINT ( 'NONE',  ( 21.56707915467073988, 15.04710100683859331, 4.789579724281091799 ) ) ;
#1199 = FACE_OUTER_BOUND ( 'NONE', #399, .T. ) ;
#1200 = ORIENTED_EDGE ( 'NONE', *, *, #475, .T. ) ;
#1201 = CARTESIAN_POINT ( 'NONE',  ( -0.4169711030918236139, 24.33115126460116429, 6.327470350365032026 ) ) ;
#1202 = EDGE_CURVE ( 'NONE', #477, #2, #1967, .T. ) ;
#1203 = AXIS2_PLACEMENT_3D ( 'NONE', #1225, #1865, #1391 ) ;
#1204 = CARTESIAN_POINT ( 'NONE',  ( 8.867079154670740593, -15.95289899316140669, 5.644267226448972607 ) ) ;
#1205 = FACE_OUTER_BOUND ( 'NONE', #1324, .T. ) ;
#1206 = CIRCLE ( 'NONE', #434, 1.700000000000000178 ) ;
#1207 = VERTEX_POINT ( 'NONE', #354 ) ;
#1208 = CARTESIAN_POINT ( 'NONE',  ( -4.262550633610508122, 15.04710100683859508, 5.732157850365032559 ) ) ;
#1209 = ORIENTED_EDGE ( 'NONE', *, *, #592, .F. ) ;
#1210 = CARTESIAN_POINT ( 'NONE',  ( 5.717079154670741126, -15.95289899316140669, 4.194267226448972430 ) ) ;
#1211 = CARTESIAN_POINT ( 'NONE',  ( -3.832920845329249371, 20.30761324897691011, 5.930595349281093220 ) ) ;
#1212 = DIRECTION ( 'NONE',  ( -1.000000000000000000, 0.000000000000000000, 0.000000000000000000 ) ) ;
#1213 = CARTESIAN_POINT ( 'NONE',  ( 8.867079154670740593, 15.04710100683859331, 5.694267226448971542 ) ) ;
#1214 = ORIENTED_EDGE ( 'NONE', *, *, #1679, .F. ) ;
#1215 = CARTESIAN_POINT ( 'NONE',  ( 21.56707915467073988, 15.04710100683859331, 6.377079724281092155 ) ) ;
#1216 = CARTESIAN_POINT ( 'NONE',  ( 8.867079154670740593, 27.74710100683859437, 6.575517224281091977 ) ) ;
#1217 = EDGE_CURVE ( 'NONE', #422, #1297, #108, .T. ) ;
#1218 = VERTEX_POINT ( 'NONE', #1927 ) ;
#1219 = CARTESIAN_POINT ( 'NONE',  ( 8.867079154670738816, 2.347101006838594461, 5.583329726448972075 ) ) ;
#1220 = CARTESIAN_POINT ( 'NONE',  ( 18.15112941243330980, 24.33115126460116429, 7.716532850365031670 ) ) ;
#1221 = CARTESIAN_POINT ( 'NONE',  ( 14.30554988191462407, 28.17673079511984113, 6.277860975365033624 ) ) ;
#1222 = EDGE_LOOP ( 'NONE', ( #593, #1092, #1742, #306 ) ) ;
#1223 = CARTESIAN_POINT ( 'NONE',  ( -19.67970836264679235, 30.54710100683871943, 7.694267226448971542 ) ) ;
#1224 = PLANE ( 'NONE',  #22 ) ;
#1225 = CARTESIAN_POINT ( 'NONE',  ( 35.71386667198848386, 30.54710100683834639, 4.194267226448972430 ) ) ;
#1226 = ORIENTED_EDGE ( 'NONE', *, *, #206, .T. ) ;
#1227 = CARTESIAN_POINT ( 'NONE',  ( -0.4169711030918236139, 24.33115126460116429, 7.914970350365032381 ) ) ;
#1228 = DIRECTION ( 'NONE',  ( -0.000000000000000000, -0.000000000000000000, 1.000000000000000000 ) ) ;
#1229 = CARTESIAN_POINT ( 'NONE',  ( 8.867079154670740593, -15.95289899316140669, 4.194267226448972430 ) ) ;
#1230 = ORIENTED_EDGE ( 'NONE', *, *, #711, .T. ) ;
#1231 = CARTESIAN_POINT ( 'NONE',  ( -0.1131769663984139723, 6.066844885769442364, 5.484110976448972607 ) ) ;
#1232 = CARTESIAN_POINT ( 'NONE',  ( 18.15112941243330624, 5.763050749076025880, 6.823564100365032914 ) ) ;
#1233 = EDGE_CURVE ( 'NONE', #1586, #1956, #973, .T. ) ;
#1234 = EDGE_LOOP ( 'NONE', ( #712, #1860, #1357, #410 ) ) ;
#1235 = EDGE_CURVE ( 'NONE', #293, #1454, #308, .T. ) ;
#1236 = SHAPE_DEFINITION_REPRESENTATION ( #193, #542 ) ;
#1237 = CARTESIAN_POINT ( 'NONE',  ( 4.397781695298402127, 3.098243750195980084, 7.694267226448969765 ) ) ;
#1238 = DIRECTION ( 'NONE',  ( 1.000000000000000000, 0.000000000000000000, 0.000000000000000000 ) ) ;
#1239 = VERTEX_POINT ( 'NONE', #811 ) ;
#1240 = CARTESIAN_POINT ( 'NONE',  ( 3.428608427426859340, 28.17673079511984113, 7.071610975365032026 ) ) ;
#1241 = CARTESIAN_POINT ( 'NONE',  ( -4.262550633610511674, 9.608630279594713386, 4.988017225365033447 ) ) ;
#1242 = CARTESIAN_POINT ( 'NONE',  ( -17.97970836264689609, -0.4528989931613450204, 4.194267226448972430 ) ) ;
#1243 = AXIS2_PLACEMENT_3D ( 'NONE', #325, #958, #1732 ) ;
#1244 = AXIS2_PLACEMENT_3D ( 'NONE', #16, #775, #783 ) ;
#1245 = ORIENTED_EDGE ( 'NONE', *, *, #674, .T. ) ;
#1246 = CARTESIAN_POINT ( 'NONE',  ( 3.606566912532434444, 27.74710100683859793, 5.236064101448972607 ) ) ;
#1247 = CARTESIAN_POINT ( 'NONE',  ( 8.867079154670740593, 28.17673079511984113, 6.327470350365032914 ) ) ;
#1248 = AXIS2_PLACEMENT_3D ( 'NONE', #1604, #173, #1829 ) ;
#1249 = EDGE_CURVE ( 'NONE', #1587, #1863, #1633, .T. ) ;
#1250 = CARTESIAN_POINT ( 'NONE',  ( -4.262550633610508122, 15.04710100683859508, 7.319657850365032026 ) ) ;
#1251 = ORIENTED_EDGE ( 'NONE', *, *, #2036, .F. ) ;
#1252 = CARTESIAN_POINT ( 'NONE',  ( 17.84733527573989065, 6.066844885769438811, 7.270048476448971897 ) ) ;
#1253 = EDGE_CURVE ( 'NONE', #332, #959, #1325, .T. ) ;
#1254 = ORIENTED_EDGE ( 'NONE', *, *, #1202, .F. ) ;
#1255 = CARTESIAN_POINT ( 'NONE',  ( 7.167079154670743080, -15.95289899316140669, 7.694267226448971542 ) ) ;
#1256 = CARTESIAN_POINT ( 'NONE',  ( 14.30554988191462584, 28.17673079511984113, 6.277860975365034513 ) ) ;
#1257 = CARTESIAN_POINT ( 'NONE',  ( -0.4169711030918236139, 24.33115126460116429, 4.739970350365032559 ) ) ;
#1258 = CARTESIAN_POINT ( 'NONE',  ( 14.12759139680904852, 27.74710100683859793, 5.136845351448972252 ) ) ;
#1259 = CARTESIAN_POINT ( 'NONE',  ( 21.99670894295199020, 20.48557173408247678, 6.178642225365032381 ) ) ;
#1260 =( LENGTH_UNIT ( ) NAMED_UNIT ( * ) SI_UNIT ( .MILLI., .METRE. ) );
#1261 = ORIENTED_EDGE ( 'NONE', *, *, #1752, .F. ) ;
#1262 = DIRECTION ( 'NONE',  ( -0.000000000000000000, -0.000000000000000000, -1.000000000000000000 ) ) ;
#1263 = EDGE_CURVE ( 'NONE', #293, #422, #1143, .T. ) ;
#1264 = CARTESIAN_POINT ( 'NONE',  ( 5.081868565119271430, 27.34304294489620446, 7.694267226448972430 ) ) ;
#1265 = FACE_BOUND ( 'NONE', #1547, .T. ) ;
#1266 = CARTESIAN_POINT ( 'NONE',  ( 14.30554988191462940, 1.917471218557346369, 6.674735975365033269 ) ) ;
#1267 = CARTESIAN_POINT ( 'NONE',  ( 14.12759139680905207, 2.347101006838596238, 7.022001599281090911 ) ) ;
#1268 =( BOUNDED_CURVE ( )  B_SPLINE_CURVE ( 2, ( #834, #71, #672, #64, #1501, #1318, #1949, #522, #1802 ),
 .UNSPECIFIED., .F., .F. ) 
 B_SPLINE_CURVE_WITH_KNOTS ( ( 3, 2, 2, 2, 3 ),
 ( 0.5999999999999998668, 0.6249999999999998890, 0.6499999999999999112, 0.6749999999999998224, 0.6999999999999997335 ),
 .UNSPECIFIED. ) 
 CURVE ( )  GEOMETRIC_REPRESENTATION_ITEM ( )  RATIONAL_B_SPLINE_CURVE ( ( 1.000000000000000444, 0.9238795325112864054, 1.000000000000000000, 0.9238795325112867385, 1.000000000000000000, 0.9238795325112867385, 1.000000000000000000, 0.9238795325112874046, 0.9999999999999993339 ) ) 
 REPRESENTATION_ITEM ( '' )  );
#1269 = CARTESIAN_POINT ( 'NONE',  ( 14.30554988191462407, 28.17673079511984113, 7.865360975365033092 ) ) ;
#1270 = ORIENTED_EDGE ( 'NONE', *, *, #277, .T. ) ;
#1271 = CARTESIAN_POINT ( 'NONE',  ( 14.12759139680905207, 2.347101006838596238, 7.220439101448972607 ) ) ;
#1272 = FACE_OUTER_BOUND ( 'NONE', #548, .T. ) ;
#1273 = EDGE_LOOP ( 'NONE', ( #15, #285, #553, #2016 ) ) ;
#1274 = CARTESIAN_POINT ( 'NONE',  ( 2.064381457459070646, 4.322665258624502904, 7.694267226448971542 ) ) ;
#1275 = CARTESIAN_POINT ( 'NONE',  ( 3.428608427426851346, 1.917471218557347923, 5.880985975365033092 ) ) ;
#1276 = LINE ( 'NONE', #472, #1805 ) ;
#1277 = EDGE_CURVE ( 'NONE', #637, #790, #669, .T. ) ;
#1278 = CARTESIAN_POINT ( 'NONE',  ( -4.262550633610511674, 9.608630279594713386, 4.888798475365033092 ) ) ;
#1279 = CIRCLE ( 'NONE', #1581, 1.699999999999998401 ) ;
#1280 = VECTOR ( 'NONE', #120, 999.9999999999998863 ) ;
#1281 = ORIENTED_EDGE ( 'NONE', *, *, #635, .T. ) ;
#1282 = CYLINDRICAL_SURFACE ( 'NONE', #1609, 12.69999999999999929 ) ;
#1283 = AXIS2_PLACEMENT_3D ( 'NONE', #970, #1801, #1783 ) ;
#1284 = DIRECTION ( 'NONE',  ( -1.000000000000000000, 0.000000000000000000, 0.000000000000000000 ) ) ;
#1285 = VERTEX_POINT ( 'NONE', #840 ) ;
#1286 = CARTESIAN_POINT ( 'NONE',  ( 3.602647145836594955, 26.75557402617204161, 7.694267226448973318 ) ) ;
#1287 = FILL_AREA_STYLE_COLOUR ( '', #1669 ) ;
#1288 = CARTESIAN_POINT ( 'NONE',  ( 21.99670894295199020, 20.48557173408247678, 5.285673475365034513 ) ) ;
#1289 = ADVANCED_FACE ( 'NONE', ( #1490 ), #1706, .F. ) ;
#1290 = ORIENTED_EDGE ( 'NONE', *, *, #1642, .T. ) ;
#1291 = CARTESIAN_POINT ( 'NONE',  ( 8.867079154670740593, 28.17673079511984113, 6.228251600365032559 ) ) ;
#1292 = ORIENTED_EDGE ( 'NONE', *, *, #1978, .F. ) ;
#1293 = DIRECTION ( 'NONE',  ( -0.000000000000000000, -0.000000000000000000, -1.000000000000000000 ) ) ;
#1294 = CARTESIAN_POINT ( 'NONE',  ( -3.832920845329258253, 15.04710100683859508, 5.980204724281091622 ) ) ;
#1295 = CARTESIAN_POINT ( 'NONE',  ( -4.262550633610508122, 15.04710100683859508, 4.839189100365032026 ) ) ;
#1296 = CARTESIAN_POINT ( 'NONE',  ( -0.4169711030918236139, 24.33115126460116429, 5.632939100365032203 ) ) ;
#1297 = VERTEX_POINT ( 'NONE', #1210 ) ;
#1298 = CARTESIAN_POINT ( 'NONE',  ( 21.99670894295199020, 15.04710100683859331, 6.922782850365032381 ) ) ;
#1299 = CARTESIAN_POINT ( 'NONE',  ( 32.56386667198848528, 30.54710100683834639, 4.194267226448972430 ) ) ;
#1300 = CARTESIAN_POINT ( 'NONE',  ( 15.10050577632556390, 3.700848968180776577, 7.694267226448970654 ) ) ;
#1301 = CARTESIAN_POINT ( 'NONE',  ( 14.12759139680905207, 2.347101006838596238, 6.426689101448972430 ) ) ;
#1302 = FACE_OUTER_BOUND ( 'NONE', #112, .T. ) ;
#1303 = MECHANICAL_DESIGN_GEOMETRIC_PRESENTATION_REPRESENTATION (  '', ( #1159 ), #497 ) ;
#1304 = CARTESIAN_POINT ( 'NONE',  ( 21.99670894295199020, 15.04710100683859331, 4.442314100365032381 ) ) ;
#1305 = AXIS2_PLACEMENT_3D ( 'NONE', #1176, #1821, #971 ) ;
#1306 = VECTOR ( 'NONE', #1350, 1000.000000000000000 ) ;
#1307 = CARTESIAN_POINT ( 'NONE',  ( 3.428608427426850902, 1.917471218557348145, 5.087235975365032914 ) ) ;
#1308 = ORIENTED_EDGE ( 'NONE', *, *, #220, .T. ) ;
#1309 = CONICAL_SURFACE ( 'NONE', #1070, 3.149999999999999911, 0.7853981633974480570 ) ;
#1310 = EDGE_CURVE ( 'NONE', #1365, #1285, #992, .T. ) ;
#1311 = CARTESIAN_POINT ( 'NONE',  ( -19.67970836264679235, 30.54710100683871943, 4.194267226448972430 ) ) ;
#1312 = DIRECTION ( 'NONE',  ( -0.000000000000000000, -0.000000000000000000, -1.000000000000000000 ) ) ;
#1313 = CARTESIAN_POINT ( 'NONE',  ( 8.867079154670740593, 28.17673079511984113, 5.434501600365032381 ) ) ;
#1314 = CARTESIAN_POINT ( 'NONE',  ( 20.55691089555734408, 21.04053695722340223, 7.694267226448974206 ) ) ;
#1315 = CARTESIAN_POINT ( 'NONE',  ( 8.867079154670740593, 28.17673079511984113, 4.640751600365032203 ) ) ;
#1316 = ORIENTED_EDGE ( 'NONE', *, *, #935, .T. ) ;
#1317 = LINE ( 'NONE', #1449, #340 ) ;
#1318 = CARTESIAN_POINT ( 'NONE',  ( 3.606566912532434444, 27.74710100683859793, 7.418876599281091444 ) ) ;
#1319 = CARTESIAN_POINT ( 'NONE',  ( 8.867079154670740593, 27.74710100683859437, 7.567704726448972075 ) ) ;
#1320 = CARTESIAN_POINT ( 'NONE',  ( 21.78417111052280575, 12.69424874173900797, 7.694267226448971542 ) ) ;
#1321 = VERTEX_POINT ( 'NONE', #872 ) ;
#1322 = CARTESIAN_POINT ( 'NONE',  ( 21.56707915467073988, 20.30761324897690301, 4.839189099281091977 ) ) ;
#1323 = CARTESIAN_POINT ( 'NONE',  ( 8.867079154670738816, 1.917471218557344592, 5.831376600365032026 ) ) ;
#1324 = EDGE_LOOP ( 'NONE', ( #323, #1251, #1595, #1035 ) ) ;
#1325 = LINE ( 'NONE', #1455, #78 ) ;
#1326 = CARTESIAN_POINT ( 'NONE',  ( -0.4169711030918236139, 24.33115126460116429, 7.220439100365032559 ) ) ;
#1327 = CARTESIAN_POINT ( 'NONE',  ( 21.99670894295199020, 15.04710100683859331, 4.541532850365032736 ) ) ;
#1328 = CARTESIAN_POINT ( 'NONE',  ( -3.832920845329261361, 9.786588764700287157, 7.022001601448971897 ) ) ;
#1329 = EDGE_CURVE ( 'NONE', #1756, #1587, #191, .T. ) ;
#1330 = CARTESIAN_POINT ( 'NONE',  ( 21.99670894295198664, 19.14617225089079966, 7.654705560703177092 ) ) ;
#1331 = CARTESIAN_POINT ( 'NONE',  ( -3.832920845329261361, 9.786588764700287157, 6.823564099281091977 ) ) ;
#1332 = CARTESIAN_POINT ( 'NONE',  ( -0.4169711030918236139, 24.33115126460116429, 7.121220350365032203 ) ) ;
#1333 = VERTEX_POINT ( 'NONE', #2017 ) ;
#1334 = CARTESIAN_POINT ( 'NONE',  ( 8.867079154670740593, 46.04710100683859508, 4.194267226448972430 ) ) ;
#1335 = AXIS2_PLACEMENT_3D ( 'NONE', #39, #1940, #1813 ) ;
#1336 = FACE_OUTER_BOUND ( 'NONE', #291, .T. ) ;
#1337 = DIRECTION ( 'NONE',  ( -0.000000000000000000, -0.000000000000000000, -1.000000000000000000 ) ) ;
#1338 = CARTESIAN_POINT ( 'NONE',  ( 17.84733527573989420, 24.02735712790774514, 7.468485976448972607 ) ) ;
#1339 =( BOUNDED_CURVE ( )  B_SPLINE_CURVE ( 2, ( #921, #84, #427, #1714, #1216, #556, #246, #588, #1064 ),
 .UNSPECIFIED., .F., .T. ) 
 B_SPLINE_CURVE_WITH_KNOTS ( ( 3, 2, 2, 2, 3 ),
 ( 0.4000000000000000777, 0.4250000000000000444, 0.4500000000000000111, 0.4749999999999999778, 0.4999999999999999445 ),
 .UNSPECIFIED. ) 
 CURVE ( )  GEOMETRIC_REPRESENTATION_ITEM ( )  RATIONAL_B_SPLINE_CURVE ( ( 0.9999999999999997780, 0.9238795325112869605, 1.000000000000000000, 0.9238795325112867385, 1.000000000000000000, 0.9238795325112867385, 1.000000000000000000, 0.9238795325112869605, 0.9999999999999997780 ) ) 
 REPRESENTATION_ITEM ( '' )  );
#1340 =( GEOMETRIC_REPRESENTATION_CONTEXT ( 3 ) GLOBAL_UNCERTAINTY_ASSIGNED_CONTEXT ( ( #896 ) ) GLOBAL_UNIT_ASSIGNED_CONTEXT ( ( #1260, #1433, #949 ) ) REPRESENTATION_CONTEXT ( 'NONE', 'WORKASPACE' ) );
#1341 = CARTESIAN_POINT ( 'NONE',  ( 7.167079154670741303, 46.04710100683859508, 5.644267226448972607 ) ) ;
#1342 = CARTESIAN_POINT ( 'NONE',  ( -17.97970836264679306, 30.54710100683871943, 5.644267226448972607 ) ) ;
#1343 = CARTESIAN_POINT ( 'NONE',  ( 21.56707915467073633, 9.786588764700278276, 6.327470349281091977 ) ) ;
#1344 = CARTESIAN_POINT ( 'NONE',  ( 18.15112941243330624, 5.763050749076025880, 7.518095350365032736 ) ) ;
#1345 = EDGE_CURVE ( 'NONE', #519, #1285, #1182, .T. ) ;
#1346 = DIRECTION ( 'NONE',  ( -1.000000000000000000, 0.000000000000000000, 0.000000000000000000 ) ) ;
#1347 = CARTESIAN_POINT ( 'NONE',  ( 14.12759139680904852, 27.74710100683859793, 4.938407849281092332 ) ) ;
#1348 = ORIENTED_EDGE ( 'NONE', *, *, #314, .T. ) ;
#1349 = CARTESIAN_POINT ( 'NONE',  ( 21.99670894295198664, 9.608630279594702728, 6.773954725365031848 ) ) ;
#1350 = DIRECTION ( 'NONE',  ( -0.000000000000000000, -0.000000000000000000, -1.000000000000000000 ) ) ;
#1351 = CARTESIAN_POINT ( 'NONE',  ( 8.867079154670740593, 27.74710100683859437, 8.163017224281091444 ) ) ;
#1352 = CARTESIAN_POINT ( 'NONE',  ( 21.99670894295199020, 15.04710100683859331, 5.335282850365032914 ) ) ;
#1353 = EDGE_CURVE ( 'NONE', #119, #1107, #1838, .T. ) ;
#1354 = VERTEX_POINT ( 'NONE', #1223 ) ;
#1355 = FACE_BOUND ( 'NONE', #480, .T. ) ;
#1356 = CARTESIAN_POINT ( 'NONE',  ( 3.606566912532426450, 2.347101006838598458, 6.327470351448973851 ) ) ;
#1357 = ORIENTED_EDGE ( 'NONE', *, *, #816, .T. ) ;
#1358 = CARTESIAN_POINT ( 'NONE',  ( -0.4169711030918236139, 24.33115126460116429, 5.533720350365032736 ) ) ;
#1359 = DIRECTION ( 'NONE',  ( -0.000000000000000000, -0.000000000000000000, -1.000000000000000000 ) ) ;
#1360 = CARTESIAN_POINT ( 'NONE',  ( 5.717079154670741126, 46.04710100683859508, 4.194267226448972430 ) ) ;
#1361 = EDGE_LOOP ( 'NONE', ( #1181, #1134, #1067, #877 ) ) ;
#1362 = CARTESIAN_POINT ( 'NONE',  ( 8.867079154670738816, 2.347101006838594461, 6.178642224281091444 ) ) ;
#1363 = CARTESIAN_POINT ( 'NONE',  ( -4.262550633610511674, 9.608630279594713386, 4.988017225365032559 ) ) ;
#1364 = CARTESIAN_POINT ( 'NONE',  ( 8.867079154670740593, 28.17673079511984113, 7.121220350365033092 ) ) ;
#1365 = VERTEX_POINT ( 'NONE', #1036 ) ;
#1366 = CARTESIAN_POINT ( 'NONE',  ( 14.12759139680905207, 2.347101006838596238, 6.228251599281093398 ) ) ;
#1367 = CARTESIAN_POINT ( 'NONE',  ( 3.606566912532434444, 27.74710100683859793, 5.831376599281092865 ) ) ;
#1368 = CARTESIAN_POINT ( 'NONE',  ( 14.12759139680904852, 27.74710100683859793, 5.136845351448972252 ) ) ;
#1369 = CARTESIAN_POINT ( 'NONE',  ( 21.99670894295199020, 15.04710100683859331, 6.029814100365031848 ) ) ;
#1370 = EDGE_CURVE ( 'NONE', #1207, #735, #1909, .T. ) ;
#1371 = AXIS2_PLACEMENT_3D ( 'NONE', #659, #1135, #689 ) ;
#1372 = DIRECTION ( 'NONE',  ( -0.000000000000000000, -0.000000000000000000, 1.000000000000000000 ) ) ;
#1373 = CARTESIAN_POINT ( 'NONE',  ( 8.867079154670740593, 46.04710100683859508, 5.644267226448972607 ) ) ;
#1374 = AXIS2_PLACEMENT_3D ( 'NONE', #1478, #1162, #375 ) ;
#1375 = VERTEX_POINT ( 'NONE', #1851 ) ;
#1376 = CARTESIAN_POINT ( 'NONE',  ( 17.84733527573989420, 24.02735712790774514, 7.270048474281091799 ) ) ;
#1377 = CARTESIAN_POINT ( 'NONE',  ( 21.99670894295198664, 9.608630279594702728, 7.567704725365032026 ) ) ;
#1378 = ORIENTED_EDGE ( 'NONE', *, *, #1910, .F. ) ;
#1379 = CARTESIAN_POINT ( 'NONE',  ( 8.867079154670740593, 15.04710100683859331, 5.694267226448971542 ) ) ;
#1380 = CARTESIAN_POINT ( 'NONE',  ( 21.56707915467073988, 20.30761324897690301, 4.243876601448972607 ) ) ;
#1381 = ORIENTED_EDGE ( 'NONE', *, *, #395, .F. ) ;
#1382 = CARTESIAN_POINT ( 'NONE',  ( 14.30554988191462584, 1.917471218557346369, 5.880985975365031315 ) ) ;
#1383 = CARTESIAN_POINT ( 'NONE',  ( 15.82793298936879189, 26.12732189442837338, 7.694267226448972430 ) ) ;
#1384 = DIRECTION ( 'NONE',  ( 1.000000000000000000, 0.000000000000000000, 0.000000000000000000 ) ) ;
#1385 = ORIENTED_EDGE ( 'NONE', *, *, #437, .F. ) ;
#1386 = EDGE_CURVE ( 'NONE', #847, #1539, #939, .T. ) ;
#1387 = CARTESIAN_POINT ( 'NONE',  ( 14.12759139680905207, 2.347101006838596238, 4.839189101448972075 ) ) ;
#1388 = DIRECTION ( 'NONE',  ( -0.000000000000000000, -0.000000000000000000, -1.000000000000000000 ) ) ;
#1389 = VERTEX_POINT ( 'NONE', #262 ) ;
#1390 = DIRECTION ( 'NONE',  ( -1.000000000000000000, 0.000000000000000000, 0.000000000000000000 ) ) ;
#1391 = DIRECTION ( 'NONE',  ( -1.000000000000000000, 0.000000000000000000, 0.000000000000000000 ) ) ;
#1392 = LINE ( 'NONE', #2029, #1839 ) ;
#1393 = EDGE_LOOP ( 'NONE', ( #810, #759 ) ) ;
#1394 = CARTESIAN_POINT ( 'NONE',  ( -4.262550633610508122, 15.04710100683859508, 7.220439100365032559 ) ) ;
#1395 = CARTESIAN_POINT ( 'NONE',  ( -4.262550633610511674, 9.608630279594713386, 6.575517225365033802 ) ) ;
#1396 = DIRECTION ( 'NONE',  ( -0.000000000000000000, -0.000000000000000000, 1.000000000000000000 ) ) ;
#1397 = EDGE_CURVE ( 'NONE', #332, #93, #1567, .T. ) ;
#1398 = ORIENTED_EDGE ( 'NONE', *, *, #1263, .F. ) ;
#1399 = CARTESIAN_POINT ( 'NONE',  ( -0.1131769663984139723, 6.066844885769442364, 4.690360976448972430 ) ) ;
#1400 = CARTESIAN_POINT ( 'NONE',  ( 18.15112941243330624, 5.763050749076025880, 7.617314100365032203 ) ) ;
#1401 = EDGE_CURVE ( 'NONE', #1389, #126, #1773, .T. ) ;
#1402 = CARTESIAN_POINT ( 'NONE',  ( -4.262550633610508122, 20.48557173408247678, 7.270048475365033624 ) ) ;
#1403 = VERTEX_POINT ( 'NONE', #1105 ) ;
#1404 = FACE_OUTER_BOUND ( 'NONE', #218, .T. ) ;
#1405 = ORIENTED_EDGE ( 'NONE', *, *, #1564, .F. ) ;
#1406 = CYLINDRICAL_SURFACE ( 'NONE', #1476, 12.69999999999999929 ) ;
#1407 = VECTOR ( 'NONE', #310, 1000.000000000000000 ) ;
#1408 = CARTESIAN_POINT ( 'NONE',  ( 3.428608427426859340, 28.17673079511984113, 6.377079725365033980 ) ) ;
#1409 = DIRECTION ( 'NONE',  ( 0.000000000000000000, -1.000000000000000000, 0.000000000000000000 ) ) ;
#1410 = AXIS2_PLACEMENT_3D ( 'NONE', #1767, #1293, #1126 ) ;
#1411 = CARTESIAN_POINT ( 'NONE',  ( 21.99670894295199020, 15.04710100683859331, 4.442314100365032381 ) ) ;
#1412 = B_SPLINE_CURVE_WITH_KNOTS ( 'NONE', 3,
 ( #1320, #65, #1788, #1952, #1976, #501, #1502, #49, #350, #1657, #1666, #1314, #1824, #979, #202 ),
 .UNSPECIFIED., .F., .F.,
 ( 4, 2, 1, 2, 2, 2, 2, 4 ),
 ( 0.000000000000000000, 0.001296597404602582585, 0.002593194809205165170, 0.003889792213807747971, 0.005186389618410330339, 0.007779584427615495942, 0.009076181832218085249, 0.01037277923682067456 ),
 .UNSPECIFIED. ) ;
#1413 = CARTESIAN_POINT ( 'NONE',  ( -1.425670809429399055, 23.32245155826358740, 8.027201693550784611 ) ) ;
#1414 =( BOUNDED_CURVE ( )  B_SPLINE_CURVE ( 2, ( #1002, #221, #2018, #99, #724, #1367, #572, #1211, #1852 ),
 .UNSPECIFIED., .F., .F. ) 
 B_SPLINE_CURVE_WITH_KNOTS ( ( 3, 2, 2, 2, 3 ),
 ( 0.2000000000000000389, 0.2250000000000000056, 0.2500000000000000000, 0.2749999999999999667, 0.2999999999999999334 ),
 .UNSPECIFIED. ) 
 CURVE ( )  GEOMETRIC_REPRESENTATION_ITEM ( )  RATIONAL_B_SPLINE_CURVE ( ( 0.9999999999999998890, 0.9238795325112868495, 1.000000000000000000, 0.9238795325112867385, 1.000000000000000000, 0.9238795325112867385, 1.000000000000000000, 0.9238795325112869605, 0.9999999999999997780 ) ) 
 REPRESENTATION_ITEM ( '' )  );
#1415 = AXIS2_PLACEMENT_3D ( 'NONE', #1525, #576, #91 ) ;
#1416 = EDGE_CURVE ( 'NONE', #1333, #119, #1549, .T. ) ;
#1417 = EDGE_LOOP ( 'NONE', ( #1716, #819, #887, #122 ) ) ;
#1418 = FACE_OUTER_BOUND ( 'NONE', #282, .T. ) ;
#1419 = CARTESIAN_POINT ( 'NONE',  ( 3.428608427426851346, 1.917471218557347923, 5.087235975365032914 ) ) ;
#1420 = CARTESIAN_POINT ( 'NONE',  ( -4.262550633610508122, 15.04710100683859508, 7.220439100365032559 ) ) ;
#1421 = CARTESIAN_POINT ( 'NONE',  ( 17.84733527573989420, 24.02735712790774514, 4.293485976448972785 ) ) ;
#1422 = CARTESIAN_POINT ( 'NONE',  ( 8.867079154670740593, 28.17673079511984113, 7.914970350365032381 ) ) ;
#1423 = ORIENTED_EDGE ( 'NONE', *, *, #1386, .T. ) ;
#1424 = EDGE_CURVE ( 'NONE', #1218, #1431, #159, .T. ) ;
#1425 = EDGE_LOOP ( 'NONE', ( #1733, #1711, #44, #1385 ) ) ;
#1426 = CARTESIAN_POINT ( 'NONE',  ( -16.27970836264679022, 30.54710100683871943, 4.194267226448972430 ) ) ;
#1427 = CARTESIAN_POINT ( 'NONE',  ( 3.428608427426859340, 28.17673079511984113, 5.583329725365032914 ) ) ;
#1428 = CARTESIAN_POINT ( 'NONE',  ( 0.8790532668414426931, 5.074614652529583658, 7.680156622403451649 ) ) ;
#1429 = CARTESIAN_POINT ( 'NONE',  ( 21.99670894295198664, 9.608630279594700951, 6.773954725365032736 ) ) ;
#1430 = CARTESIAN_POINT ( 'NONE',  ( 18.15112941243330980, 24.33115126460116429, 7.815751600365032914 ) ) ;
#1431 = VERTEX_POINT ( 'NONE', #1731 ) ;
#1432 = CARTESIAN_POINT ( 'NONE',  ( 38.86386667198848244, 30.54710100683834639, 4.194267226448972430 ) ) ;
#1433 =( NAMED_UNIT ( * ) PLANE_ANGLE_UNIT ( ) SI_UNIT ( $, .RADIAN. ) );
#1434 = DIRECTION ( 'NONE',  ( -1.000000000000000000, 0.000000000000000000, 0.000000000000000000 ) ) ;
#1435 = ORIENTED_EDGE ( 'NONE', *, *, #206, .F. ) ;
#1436 = DIRECTION ( 'NONE',  ( 1.000000000000000000, 0.000000000000000000, 0.000000000000000000 ) ) ;
#1437 = CARTESIAN_POINT ( 'NONE',  ( 4.580228825283028549, 27.16740477814336785, 7.694267226448968877 ) ) ;
#1438 = CARTESIAN_POINT ( 'NONE',  ( -3.832920845329258253, 15.04710100683859508, 5.186454724281091444 ) ) ;
#1439 = AXIS2_PLACEMENT_3D ( 'NONE', #823, #1178, #524 ) ;
#1440 = CARTESIAN_POINT ( 'NONE',  ( 3.428608427426859340, 28.17673079511984113, 6.277860975365034513 ) ) ;
#1441 = VECTOR ( 'NONE', #663, 1000.000000000000000 ) ;
#1442 = CIRCLE ( 'NONE', #338, 1.700000000000000178 ) ;
#1443 = CARTESIAN_POINT ( 'NONE',  ( -3.832920845329258253, 15.04710100683859508, 5.980204724281091622 ) ) ;
#1444 = EDGE_LOOP ( 'NONE', ( #270, #1209, #1348, #158 ) ) ;
#1445 = CYLINDRICAL_SURFACE ( 'NONE', #1877, 1.699999999999999289 ) ;
#1446 = CARTESIAN_POINT ( 'NONE',  ( 3.428608427426850902, 1.917471218557348145, 5.880985975365032203 ) ) ;
#1447 = EDGE_LOOP ( 'NONE', ( #1953, #1901, #1466, #1981 ) ) ;
#1448 = LINE ( 'NONE', #1426, #832 ) ;
#1449 = CARTESIAN_POINT ( 'NONE',  ( -3.832920845329258253, 15.04710100683859508, 5.694267226448971542 ) ) ;
#1450 = CARTESIAN_POINT ( 'NONE',  ( -3.832920845329296888, 9.786588764700322685, 7.617314099281090378 ) ) ;
#1451 = CARTESIAN_POINT ( 'NONE',  ( -4.262550633610508122, 15.04710100683859508, 6.426689100365032381 ) ) ;
#1452 = CARTESIAN_POINT ( 'NONE',  ( 21.99670894295199020, 15.04710100683859331, 6.029814100365031848 ) ) ;
#1453 = CARTESIAN_POINT ( 'NONE',  ( 3.428608427426859340, 28.17673079511984113, 4.789579725365031848 ) ) ;
#1454 = VERTEX_POINT ( 'NONE', #625 ) ;
#1455 = CARTESIAN_POINT ( 'NONE',  ( -3.832920845329258253, 15.04710100683859508, 5.694267226448971542 ) ) ;
#1456 = DIRECTION ( 'NONE',  ( -0.000000000000000000, -0.000000000000000000, 1.000000000000000000 ) ) ;
#1457 = CYLINDRICAL_SURFACE ( 'NONE', #201, 1.700000000000000178 ) ;
#1458 = CARTESIAN_POINT ( 'NONE',  ( 17.69411108548636591, 5.504763231458819739, 7.694267226448969765 ) ) ;
#1459 = CARTESIAN_POINT ( 'NONE',  ( 8.867079154670738816, 1.917471218557344592, 5.037626600365031848 ) ) ;
#1460 = CARTESIAN_POINT ( 'NONE',  ( 8.867079154670738816, 1.917471218557344592, 5.831376600365032026 ) ) ;
#1461 = ADVANCED_FACE ( 'NONE', ( #1720 ), #1282, .F. ) ;
#1462 = CARTESIAN_POINT ( 'NONE',  ( -0.1131769663984139723, 6.066844885769442364, 5.285673474281091799 ) ) ;
#1463 = CARTESIAN_POINT ( 'NONE',  ( 18.15112941243330624, 5.763050749076025880, 5.136845350365032203 ) ) ;
#1464 = EDGE_CURVE ( 'NONE', #2, #477, #51, .T. ) ;
#1465 = CARTESIAN_POINT ( 'NONE',  ( -4.262550633610511674, 9.608630279594713386, 5.781767225365032736 ) ) ;
#1466 = ORIENTED_EDGE ( 'NONE', *, *, #1919, .T. ) ;
#1467 = CARTESIAN_POINT ( 'NONE',  ( -3.832920845329258253, 15.04710100683859508, 6.178642226448972430 ) ) ;
#1468 = CARTESIAN_POINT ( 'NONE',  ( -4.262550633610511674, 9.608630279594713386, 7.369267225365033980 ) ) ;
#1469 = CARTESIAN_POINT ( 'NONE',  ( 8.867079154670740593, 27.74710100683859437, 7.567704726448972075 ) ) ;
#1470 = CARTESIAN_POINT ( 'NONE',  ( 17.29348567797381619, 5.160460784786571331, 7.694267226448970654 ) ) ;
#1471 = CARTESIAN_POINT ( 'NONE',  ( 8.867079154670740593, 28.17673079511984113, 4.640751600365032203 ) ) ;
#1472 = DIRECTION ( 'NONE',  ( -0.000000000000000000, -0.000000000000000000, -1.000000000000000000 ) ) ;
#1473 = CARTESIAN_POINT ( 'NONE',  ( -4.262550633610508122, 15.04710100683859508, 4.839189100365032026 ) ) ;
#1474 = AXIS2_PLACEMENT_3D ( 'NONE', #1663, #1039, #229 ) ;
#1475 = ADVANCED_FACE ( 'NONE', ( #2048 ), #1445, .F. ) ;
#1476 = AXIS2_PLACEMENT_3D ( 'NONE', #1588, #1602, #760 ) ;
#1477 = VERTEX_POINT ( 'NONE', #1072 ) ;
#1478 = CARTESIAN_POINT ( 'NONE',  ( 35.71386667198848386, 30.54710100683834639, 7.694267226448971542 ) ) ;
#1479 =( BOUNDED_CURVE ( )  B_SPLINE_CURVE ( 2, ( #1792, #813, #356, #681, #1469, #984, #1959, #651, #198 ),
 .UNSPECIFIED., .F., .F. ) 
 B_SPLINE_CURVE_WITH_KNOTS ( ( 3, 2, 2, 2, 3 ),
 ( 0.8000000000000000444, 0.8249999999999999556, 0.8499999999999999778, 0.8750000000000000000, 0.8819476780783809255 ),
 .UNSPECIFIED. ) 
 CURVE ( )  GEOMETRIC_REPRESENTATION_ITEM ( )  RATIONAL_B_SPLINE_CURVE ( ( 1.000000000000000000, 0.9238795325112867385, 1.000000000000000000, 0.9238795325112867385, 1.000000000000000000, 0.9238795325112867385, 1.000000000000000000, 0.9788455798685022913, 0.9694490878176820203 ) ) 
 REPRESENTATION_ITEM ( '' )  );
#1480 = CARTESIAN_POINT ( 'NONE',  ( 21.78417111052280575, 12.69424874173900797, 7.694267226448971542 ) ) ;
#1481 = CARTESIAN_POINT ( 'NONE',  ( -3.832920845329240489, 20.30761324897692077, 6.922782851448971542 ) ) ;
#1482 = CARTESIAN_POINT ( 'NONE',  ( 21.68075954928995941, 12.17582843421125105, 7.694267226448974206 ) ) ;
#1483 = CARTESIAN_POINT ( 'NONE',  ( -3.832920845329261361, 9.786588764700287157, 6.228251601448971719 ) ) ;
#1484 = CARTESIAN_POINT ( 'NONE',  ( 19.66456026164606641, 22.51714653024962942, 7.694267226448970654 ) ) ;
#1485 = ORIENTED_EDGE ( 'NONE', *, *, #1015, .F. ) ;
#1486 = CARTESIAN_POINT ( 'NONE',  ( 21.56707915467073988, 15.04710100683859331, 4.789579724281091799 ) ) ;
#1487 = CARTESIAN_POINT ( 'NONE',  ( -4.262550633610508122, 20.48557173408247678, 5.583329725365032914 ) ) ;
#1488 = CARTESIAN_POINT ( 'NONE',  ( 18.15112941243330980, 24.33115126460116429, 6.228251600365032559 ) ) ;
#1489 = ORIENTED_EDGE ( 'NONE', *, *, #1310, .T. ) ;
#1490 = FACE_OUTER_BOUND ( 'NONE', #2009, .T. ) ;
#1491 = EDGE_CURVE ( 'NONE', #589, #837, #1164, .T. ) ;
#1492 = CARTESIAN_POINT ( 'NONE',  ( 3.428608427426859340, 28.17673079511984113, 7.170829725365032381 ) ) ;
#1493 = CARTESIAN_POINT ( 'NONE',  ( 14.12759139680904852, 27.74710100683859793, 6.724345351448971719 ) ) ;
#1494 = CARTESIAN_POINT ( 'NONE',  ( -4.262550633610508122, 15.04710100683859508, 4.839189100365032026 ) ) ;
#1495 = EDGE_CURVE ( 'NONE', #1539, #637, #186, .T. ) ;
#1496 = CARTESIAN_POINT ( 'NONE',  ( 21.56707915467073988, 15.04710100683859331, 4.988017226448972607 ) ) ;
#1497 = CARTESIAN_POINT ( 'NONE',  ( 14.12759139680905207, 2.347101006838596238, 6.228251599281093398 ) ) ;
#1498 = CARTESIAN_POINT ( 'NONE',  ( 8.867079154670740593, 28.17673079511984113, 4.739970350365032559 ) ) ;
#1499 = VERTEX_POINT ( 'NONE', #1304 ) ;
#1500 = CARTESIAN_POINT ( 'NONE',  ( -3.832920845329258253, 20.30761324897690301, 6.129032851448971364 ) ) ;
#1501 = CARTESIAN_POINT ( 'NONE',  ( 8.867079154670740593, 27.74710100683859437, 7.369267224281092155 ) ) ;
#1502 = CARTESIAN_POINT ( 'NONE',  ( 21.86073984261627956, 16.98042707983952582, 7.694267226448973318 ) ) ;
#1503 = ADVANCED_FACE ( 'NONE', ( #1140 ), #473, .T. ) ;
#1504 = CARTESIAN_POINT ( 'NONE',  ( -3.832920845329258253, 15.04710100683859508, 6.773954724281091799 ) ) ;
#1505 = CARTESIAN_POINT ( 'NONE',  ( 3.428608427426850902, 1.917471218557348145, 5.880985975365032203 ) ) ;
#1506 = ORIENTED_EDGE ( 'NONE', *, *, #633, .T. ) ;
#1507 = VECTOR ( 'NONE', #758, 1000.000000000000000 ) ;
#1508 = VECTOR ( 'NONE', #1027, 1000.000000000000000 ) ;
#1509 = DIRECTION ( 'NONE',  ( -1.000000000000000000, 0.000000000000000000, 0.000000000000000000 ) ) ;
#1510 = CARTESIAN_POINT ( 'NONE',  ( 8.867079154670740593, 27.74710100683859437, 5.186454726448972430 ) ) ;
#1511 = CARTESIAN_POINT ( 'NONE',  ( 8.867079154670740593, 28.17673079511984113, 7.022001600365031848 ) ) ;
#1512 = VECTOR ( 'NONE', #1136, 1000.000000000000000 ) ;
#1513 = LINE ( 'NONE', #386, #696 ) ;
#1514 = CARTESIAN_POINT ( 'NONE',  ( 21.56707915467075054, 9.786588764700287157, 4.938407851448972430 ) ) ;
#1515 = EDGE_CURVE ( 'NONE', #561, #1375, #1763, .T. ) ;
#1516 = ORIENTED_EDGE ( 'NONE', *, *, #1693, .F. ) ;
#1517 = CARTESIAN_POINT ( 'NONE',  ( -17.97970836264689609, -0.4528989931613450204, 4.194267226448972430 ) ) ;
#1518 = CARTESIAN_POINT ( 'NONE',  ( -4.262550633610511674, 9.608630279594713386, 7.270048475365033624 ) ) ;
#1519 = EDGE_CURVE ( 'NONE', #1021, #637, #1442, .T. ) ;
#1520 = CARTESIAN_POINT ( 'NONE',  ( 8.867079154670740593, 28.17673079511984113, 6.327470350365032914 ) ) ;
#1521 = CARTESIAN_POINT ( 'NONE',  ( -3.832920845329270243, 9.786588764700296039, 6.029814099281090911 ) ) ;
#1522 = DIRECTION ( 'NONE',  ( -1.000000000000000000, 0.000000000000000000, 0.000000000000000000 ) ) ;
#1523 = CARTESIAN_POINT ( 'NONE',  ( -3.832920845329241821, 20.30761324897691722, 5.136845349281093043 ) ) ;
#1524 = CARTESIAN_POINT ( 'NONE',  ( -0.4169711030918236139, 24.33115126460116429, 7.121220350365032203 ) ) ;
#1525 = CARTESIAN_POINT ( 'NONE',  ( 8.867079154670740593, -15.95289899316140669, 4.194267226448972430 ) ) ;
#1526 = DIRECTION ( 'NONE',  ( -0.000000000000000000, -0.000000000000000000, -1.000000000000000000 ) ) ;
#1527 = ORIENTED_EDGE ( 'NONE', *, *, #2036, .T. ) ;
#1528 = CARTESIAN_POINT ( 'NONE',  ( 21.99670894295199020, 15.04710100683859331, 6.823564100365032026 ) ) ;
#1529 = ORIENTED_EDGE ( 'NONE', *, *, #1495, .F. ) ;
#1530 = DIRECTION ( 'NONE',  ( -1.000000000000000000, 0.000000000000000000, 0.000000000000000000 ) ) ;
#1531 = CYLINDRICAL_SURFACE ( 'NONE', #1030, 12.69999999999999929 ) ;
#1532 = CARTESIAN_POINT ( 'NONE',  ( 21.56707915467073988, 15.04710100683859331, 4.988017226448972607 ) ) ;
#1533 = CARTESIAN_POINT ( 'NONE',  ( 18.15112941243330980, 24.33115126460116429, 6.922782850365032381 ) ) ;
#1534 = CARTESIAN_POINT ( 'NONE',  ( 34.01386667198848102, 30.54710100683834639, 4.194267226448972430 ) ) ;
#1535 = DIRECTION ( 'NONE',  ( -0.000000000000000000, -0.000000000000000000, -1.000000000000000000 ) ) ;
#1536 = EDGE_LOOP ( 'NONE', ( #68, #326, #1894, #1489 ) ) ;
#1537 = CARTESIAN_POINT ( 'NONE',  ( 3.606566912532426450, 2.347101006838598902, 6.922782849281091444 ) ) ;
#1538 = CARTESIAN_POINT ( 'NONE',  ( 14.30554988191462584, 1.917471218557346369, 5.980204725365033447 ) ) ;
#1539 = VERTEX_POINT ( 'NONE', #1665 ) ;
#1540 = CARTESIAN_POINT ( 'NONE',  ( 21.56707915467073988, 15.04710100683859331, 6.377079724281092155 ) ) ;
#1541 = CONICAL_SURFACE ( 'NONE', #333, 3.149999999999999911, 0.7853981633974480570 ) ;
#1542 = EDGE_CURVE ( 'NONE', #1218, #558, #1206, .T. ) ;
#1543 = FACE_BOUND ( 'NONE', #1393, .T. ) ;
#1544 = AXIS2_PLACEMENT_3D ( 'NONE', #1213, #265, #1854 ) ;
#1545 = CARTESIAN_POINT ( 'NONE',  ( -0.1131769663984105029, 24.02735712790774514, 5.285673476448971897 ) ) ;
#1546 = DIRECTION ( 'NONE',  ( -0.8660254037844407060, 0.000000000000000000, 0.4999999999999963363 ) ) ;
#1547 = EDGE_LOOP ( 'NONE', ( #1565, #1670, #26, #1173, #1226 ) ) ;
#1548 = CARTESIAN_POINT ( 'NONE',  ( 18.15112941243330624, 5.763050749076025880, 6.724345350365031670 ) ) ;
#1549 = CIRCLE ( 'NONE', #1673, 1.699999999999998401 ) ;
#1550 = EDGE_CURVE ( 'NONE', #477, #558, #885, .T. ) ;
#1551 = CARTESIAN_POINT ( 'NONE',  ( 18.30043553793536049, 24.14470837878065268, 7.694267226448966213 ) ) ;
#1552 = DIRECTION ( 'NONE',  ( -0.7071067811865473507, 0.000000000000000000, -0.7071067811865477948 ) ) ;
#1553 = CIRCLE ( 'NONE', #1415, 3.149999999999999911 ) ;
#1554 = CARTESIAN_POINT ( 'NONE',  ( 37.41386667198847960, 30.54710100683834639, 4.194267226448972430 ) ) ;
#1555 = DIRECTION ( 'NONE',  ( 0.000000000000000000, 0.000000000000000000, -1.000000000000000000 ) ) ;
#1556 = CARTESIAN_POINT ( 'NONE',  ( -4.262550633610508122, 15.04710100683859508, 7.319657850365032026 ) ) ;
#1557 = EDGE_LOOP ( 'NONE', ( #802, #1149, #208, #1771 ) ) ;
#1558 = CARTESIAN_POINT ( 'NONE',  ( 8.867079154670740593, 15.04710100683859331, 4.194267226448972430 ) ) ;
#1559 = CARTESIAN_POINT ( 'NONE',  ( 21.56707915467073988, 15.04710100683859331, 4.789579724281091799 ) ) ;
#1560 = EDGE_LOOP ( 'NONE', ( #568, #1192, #469, #839, #14, #62, #1292, #516, #1114, #116, #1094, #1855 ) ) ;
#1561 = DIRECTION ( 'NONE',  ( -0.000000000000000000, -0.000000000000000000, -1.000000000000000000 ) ) ;
#1562 = CARTESIAN_POINT ( 'NONE',  ( 11.37710782109109253, 27.77378437746913420, 7.694267226448975983 ) ) ;
#1563 = CARTESIAN_POINT ( 'NONE',  ( -3.491302506772501868, 18.03461732826518116, 7.694267226448972430 ) ) ;
#1564 = EDGE_CURVE ( 'NONE', #1403, #293, #1513, .T. ) ;
#1565 = ORIENTED_EDGE ( 'NONE', *, *, #1737, .F. ) ;
#1566 = CARTESIAN_POINT ( 'NONE',  ( 18.15112941243330980, 24.33115126460116429, 7.022001600365032736 ) ) ;
#1567 =( BOUNDED_CURVE ( )  B_SPLINE_CURVE ( 2, ( #891, #1009, #1575, #594, #757, #788, #1892, #1913, #1082 ),
 .UNSPECIFIED., .F., .F. ) 
 B_SPLINE_CURVE_WITH_KNOTS ( ( 3, 2, 2, 2, 3 ),
 ( 0.09999999999999990841, 0.1249999999999999306, 0.1499999999999999667, 0.1749999999999999889, 0.2000000000000000389 ),
 .UNSPECIFIED. ) 
 CURVE ( )  GEOMETRIC_REPRESENTATION_ITEM ( )  RATIONAL_B_SPLINE_CURVE ( ( 1.000000000000000444, 0.9238795325112865164, 1.000000000000000000, 0.9238795325112867385, 1.000000000000000000, 0.9238795325112867385, 1.000000000000000000, 0.9238795325112866275, 1.000000000000000000 ) ) 
 REPRESENTATION_ITEM ( '' )  );
#1568 = CARTESIAN_POINT ( 'NONE',  ( 21.99670894295199020, 20.48557173408247678, 7.766142225365032736 ) ) ;
#1569 = ORIENTED_EDGE ( 'NONE', *, *, #1047, .T. ) ;
#1570 = CARTESIAN_POINT ( 'NONE',  ( 8.867079154670740593, -15.95289899316140669, 4.194267226448972430 ) ) ;
#1571 = CARTESIAN_POINT ( 'NONE',  ( 21.99670894295199020, 20.48557173408247678, 6.178642225365032381 ) ) ;
#1572 = ORIENTED_EDGE ( 'NONE', *, *, #1370, .T. ) ;
#1573 = CARTESIAN_POINT ( 'NONE',  ( 14.12759139680904852, 27.74710100683859793, 4.343095351448973851 ) ) ;
#1574 = CARTESIAN_POINT ( 'NONE',  ( 8.867079154670738816, 1.917471218557344592, 7.518095350365032736 ) ) ;
#1575 = CARTESIAN_POINT ( 'NONE',  ( -0.1131769663984139723, 6.066844885769442364, 5.285673474281091799 ) ) ;
#1576 = DIRECTION ( 'NONE',  ( -0.000000000000000000, -0.000000000000000000, -1.000000000000000000 ) ) ;
#1577 = ORIENTED_EDGE ( 'NONE', *, *, #1345, .T. ) ;
#1578 = CARTESIAN_POINT ( 'NONE',  ( -2.744758548009462729, 9.876252440787512299, 7.694267226448971542 ) ) ;
#1579 = CARTESIAN_POINT ( 'NONE',  ( 14.30554988191462584, 28.17673079511984113, 5.484110975365032559 ) ) ;
#1580 = FACE_BOUND ( 'NONE', #1880, .T. ) ;
#1581 = AXIS2_PLACEMENT_3D ( 'NONE', #479, #608, #1116 ) ;
#1582 = CARTESIAN_POINT ( 'NONE',  ( 8.867079154670740593, 28.17673079511984113, 7.022001600365031848 ) ) ;
#1583 = CARTESIAN_POINT ( 'NONE',  ( 3.606566912532426450, 2.347101006838598902, 5.533720351448971897 ) ) ;
#1584 = CARTESIAN_POINT ( 'NONE',  ( 8.867079154670738816, 2.347101006838594461, 6.972392224281091622 ) ) ;
#1585 = CONICAL_SURFACE ( 'NONE', #109, 3.149999999999999911, 0.7853981633974480570 ) ;
#1586 = VERTEX_POINT ( 'NONE', #1833 ) ;
#1587 = VERTEX_POINT ( 'NONE', #1215 ) ;
#1588 = CARTESIAN_POINT ( 'NONE',  ( 8.867079154670740593, 15.04710100683859331, 5.694267226448971542 ) ) ;
#1589 = CARTESIAN_POINT ( 'NONE',  ( -0.4169711030918236139, 24.33115126460116429, 4.839189100365032914 ) ) ;
#1590 = DIRECTION ( 'NONE',  ( 0.000000000000000000, 0.000000000000000000, -1.000000000000000000 ) ) ;
#1591 = CARTESIAN_POINT ( 'NONE',  ( -4.262550633610511674, 9.608630279594713386, 5.682548475365033269 ) ) ;
#1592 = CARTESIAN_POINT ( 'NONE',  ( -4.262550633610508122, 20.48557173408247678, 6.476298475365032559 ) ) ;
#1593 = EDGE_LOOP ( 'NONE', ( #1405, #1378, #1614, #1694 ) ) ;
#1594 = CARTESIAN_POINT ( 'NONE',  ( 3.606566912532426450, 2.347101006838598458, 7.121220351448971364 ) ) ;
#1595 = ORIENTED_EDGE ( 'NONE', *, *, #233, .T. ) ;
#1596 = CARTESIAN_POINT ( 'NONE',  ( -3.799592823636495531, 13.98266008223722956, 7.694267226448971542 ) ) ;
#1597 = CARTESIAN_POINT ( 'NONE',  ( 8.867079154670740593, 28.17673079511984113, 6.327470350365032914 ) ) ;
#1598 = CYLINDRICAL_SURFACE ( 'NONE', #1707, 1.700000000000000178 ) ;
#1599 = CARTESIAN_POINT ( 'NONE',  ( 21.99670894295199020, 20.48557173408247678, 6.079423475365032914 ) ) ;
#1600 = EDGE_LOOP ( 'NONE', ( #1398, #1850, #743, #266 ) ) ;
#1601 = ORIENTED_EDGE ( 'NONE', *, *, #288, .F. ) ;
#1602 = DIRECTION ( 'NONE',  ( -0.000000000000000000, -0.000000000000000000, 1.000000000000000000 ) ) ;
#1603 = EDGE_CURVE ( 'NONE', #641, #735, #566, .T. ) ;
#1604 = CARTESIAN_POINT ( 'NONE',  ( 8.867079154670740593, 15.04710100683859331, 7.694267226448971542 ) ) ;
#1605 =( LENGTH_UNIT ( ) NAMED_UNIT ( * ) SI_UNIT ( .MILLI., .METRE. ) );
#1606 = EDGE_CURVE ( 'NONE', #1207, #1691, #1042, .T. ) ;
#1607 = VECTOR ( 'NONE', #1727, 1000.000000000000000 ) ;
#1608 = VECTOR ( 'NONE', #1546, 1000.000000000000227 ) ;
#1609 = AXIS2_PLACEMENT_3D ( 'NONE', #478, #324, #168 ) ;
#1610 = CARTESIAN_POINT ( 'NONE',  ( 3.606566912532434444, 27.74710100683859793, 5.037626599281091799 ) ) ;
#1611 = CARTESIAN_POINT ( 'NONE',  ( 18.15112941243330624, 5.763050749076025880, 5.930595350365032381 ) ) ;
#1612 = AXIS2_PLACEMENT_3D ( 'NONE', #347, #521, #977 ) ;
#1613 =( BOUNDED_CURVE ( )  B_SPLINE_CURVE ( 2, ( #1624, #821, #551, #1356, #737, #252, #415, #907, #1024 ),
 .UNSPECIFIED., .F., .F. ) 
 B_SPLINE_CURVE_WITH_KNOTS ( ( 3, 2, 2, 2, 3 ),
 ( 0.5000000000000000000, 0.5250000000000000222, 0.5500000000000000444, 0.5749999999999999556, 0.5999999999999999778 ),
 .UNSPECIFIED. ) 
 CURVE ( )  GEOMETRIC_REPRESENTATION_ITEM ( )  RATIONAL_B_SPLINE_CURVE ( ( 1.000000000000000000, 0.9238795325112867385, 1.000000000000000000, 0.9238795325112867385, 1.000000000000000000, 0.9238795325112867385, 1.000000000000000000, 0.9238795325112867385, 1.000000000000000000 ) ) 
 REPRESENTATION_ITEM ( '' )  );
#1614 = ORIENTED_EDGE ( 'NONE', *, *, #437, .T. ) ;
#1615 = LINE ( 'NONE', #1311, #1512 ) ;
#1616 = LINE ( 'NONE', #1299, #1065 ) ;
#1617 = LINE ( 'NONE', #183, #1441 ) ;
#1618 = EDGE_CURVE ( 'NONE', #735, #1499, #728, .T. ) ;
#1619 = CARTESIAN_POINT ( 'NONE',  ( 14.30554988191462584, 1.917471218557346369, 5.087235975365032914 ) ) ;
#1620 = CARTESIAN_POINT ( 'NONE',  ( -0.4169711030918271111, 5.763050749076029433, 5.037626600365032736 ) ) ;
#1621 = ORIENTED_EDGE ( 'NONE', *, *, #1085, .T. ) ;
#1622 = CARTESIAN_POINT ( 'NONE',  ( 12.01707915467074095, -15.95289899316140669, 4.194267226448972430 ) ) ;
#1623 = CARTESIAN_POINT ( 'NONE',  ( 35.71386667198848386, 30.54710100683834639, 4.194267226448972430 ) ) ;
#1624 = CARTESIAN_POINT ( 'NONE',  ( -3.832920845329258253, 15.04710100683859508, 6.178642226448972430 ) ) ;
#1625 = CARTESIAN_POINT ( 'NONE',  ( 18.45005238560595728, 6.239327191085799029, 7.694267226448967989 ) ) ;
#1626 = CARTESIAN_POINT ( 'NONE',  ( 18.15112941243330980, 24.33115126460116429, 5.335282850365032026 ) ) ;
#1627 = CARTESIAN_POINT ( 'NONE',  ( 8.867079154670740593, 46.04710100683859508, 4.194267226448972430 ) ) ;
#1628 = EDGE_CURVE ( 'NONE', #167, #1431, #2041, .T. ) ;
#1629 = ORIENTED_EDGE ( 'NONE', *, *, #1329, .F. ) ;
#1630 = CARTESIAN_POINT ( 'NONE',  ( -1.425672021101505260, 23.32245034659148075, 8.027201709181795763 ) ) ;
#1631 = DIRECTION ( 'NONE',  ( -0.000000000000000000, -0.000000000000000000, -1.000000000000000000 ) ) ;
#1632 = ORIENTED_EDGE ( 'NONE', *, *, #1277, .T. ) ;
#1633 = LINE ( 'NONE', #503, #1640 ) ;
#1634 = CARTESIAN_POINT ( 'NONE',  ( 8.867079154670740593, 28.17673079511984113, 7.121220350365033092 ) ) ;
#1635 = CARTESIAN_POINT ( 'NONE',  ( 21.99670894295199020, 15.04710100683859331, 7.617314100365032203 ) ) ;
#1636 = CIRCLE ( 'NONE', #74, 1.700000000000000178 ) ;
#1637 = AXIS2_PLACEMENT_3D ( 'NONE', #134, #1312, #182 ) ;
#1638 = CARTESIAN_POINT ( 'NONE',  ( -3.832920845329258253, 20.30761324897690301, 5.136845349281092155 ) ) ;
#1639 = ADVANCED_FACE ( 'NONE', ( #396 ), #1857, .F. ) ;
#1640 = VECTOR ( 'NONE', #1001, 1000.000000000000000 ) ;
#1641 = CARTESIAN_POINT ( 'NONE',  ( -4.262550633610508122, 15.04710100683859508, 4.938407850365032381 ) ) ;
#1642 = EDGE_CURVE ( 'NONE', #1333, #1722, #1678, .T. ) ;
#1643 = VERTEX_POINT ( 'NONE', #707 ) ;
#1644 = DIRECTION ( 'NONE',  ( -0.000000000000000000, -0.000000000000000000, -1.000000000000000000 ) ) ;
#1645 = CYLINDRICAL_SURFACE ( 'NONE', #1612, 1.700000000000000178 ) ;
#1646 = FACE_OUTER_BOUND ( 'NONE', #1447, .T. ) ;
#1647 = CARTESIAN_POINT ( 'NONE',  ( -1.088871096656037096, 23.05166299765012639, 7.679936086340587664 ) ) ;
#1648 = CARTESIAN_POINT ( 'NONE',  ( 17.84733527573989065, 6.066844885769438811, 4.888798476448972252 ) ) ;
#1649 = CARTESIAN_POINT ( 'NONE',  ( 3.606566912532434444, 27.74710100683859793, 8.212626599281092510 ) ) ;
#1650 = CARTESIAN_POINT ( 'NONE',  ( 8.867079154670740593, 28.17673079511984113, 5.434501600365032381 ) ) ;
#1651 = CARTESIAN_POINT ( 'NONE',  ( 8.867079154670740593, 28.17673079511984113, 5.533720350365032736 ) ) ;
#1652 = EDGE_CURVE ( 'NONE', #1539, #847, #238, .T. ) ;
#1653 = CARTESIAN_POINT ( 'NONE',  ( 8.867079154670740593, -15.95289899316140669, 7.694267226448971542 ) ) ;
#1654 = CARTESIAN_POINT ( 'NONE',  ( 19.79466581580582485, 7.855097881455582076, 7.694267226448974206 ) ) ;
#1655 = CARTESIAN_POINT ( 'NONE',  ( -0.1131769663984139723, 6.066844885769442364, 7.071610976448972075 ) ) ;
#1656 = PRODUCT_DEFINITION_CONTEXT ( 'detailed design', #676, 'design' ) ;
#1657 = CARTESIAN_POINT ( 'NONE',  ( 21.25774568223809524, 19.47338837922125876, 7.694267226448975094 ) ) ;
#1658 = CARTESIAN_POINT ( 'NONE',  ( 17.84733527573989065, 6.066844885769438811, 6.277860974281091799 ) ) ;
#1659 = CARTESIAN_POINT ( 'NONE',  ( -0.4169711030918271111, 5.763050749076029433, 5.831376600365032914 ) ) ;
#1660 = ORIENTED_EDGE ( 'NONE', *, *, #220, .F. ) ;
#1661 = CARTESIAN_POINT ( 'NONE',  ( 17.84733527573989065, 6.066844885769438811, 5.682548476448972430 ) ) ;
#1662 = DIRECTION ( 'NONE',  ( -0.000000000000000000, -0.000000000000000000, -1.000000000000000000 ) ) ;
#1663 = CARTESIAN_POINT ( 'NONE',  ( 8.867079154670740593, 15.04710100683859331, 4.194267226448972430 ) ) ;
#1664 = CARTESIAN_POINT ( 'NONE',  ( -0.4169711030918271111, 5.763050749076029433, 4.938407850365032381 ) ) ;
#1665 = CARTESIAN_POINT ( 'NONE',  ( -16.27970836264689680, -0.4528989931613447983, 7.694267226448971542 ) ) ;
#1666 = CARTESIAN_POINT ( 'NONE',  ( 20.74775933249757998, 20.65245394133408396, 7.694267226448971542 ) ) ;
#1667 = CARTESIAN_POINT ( 'NONE',  ( -1.832256114864106777, 21.88919314229597290, 8.289115129129172033 ) ) ;
#1668 = CARTESIAN_POINT ( 'NONE',  ( 21.99670894295199020, 20.48557173408247678, 6.873173475365032203 ) ) ;
#1669 = COLOUR_RGB ( '',0.7921568627450980005, 0.8196078431372548767, 0.9333333333333333481 ) ;
#1670 = ORIENTED_EDGE ( 'NONE', *, *, #34, .F. ) ;
#1671 = CARTESIAN_POINT ( 'NONE',  ( 8.867079154670740593, 46.04710100683859508, 4.194267226448972430 ) ) ;
#1672 = CIRCLE ( 'NONE', #626, 35.50000000000001421 ) ;
#1673 = AXIS2_PLACEMENT_3D ( 'NONE', #1754, #139, #316 ) ;
#1674 = CYLINDRICAL_SURFACE ( 'NONE', #867, 12.69999999999999929 ) ;
#1675 = CARTESIAN_POINT ( 'NONE',  ( 9.024258106489176257, 2.178116457926793981, 7.694267226448968877 ) ) ;
#1676 = CARTESIAN_POINT ( 'NONE',  ( -26.63292084532927007, 15.04710100683859864, 4.194267226448972430 ) ) ;
#1677 = CIRCLE ( 'NONE', #734, 1.700000000000000178 ) ;
#1678 = LINE ( 'NONE', #1688, #203 ) ;
#1679 = EDGE_CURVE ( 'NONE', #926, #837, #417, .T. ) ;
#1680 = ORIENTED_EDGE ( 'NONE', *, *, #1628, .T. ) ;
#1681 = CARTESIAN_POINT ( 'NONE',  ( 21.56707915467073633, 9.786588764700278276, 7.914970349281091444 ) ) ;
#1682 = CARTESIAN_POINT ( 'NONE',  ( 14.30554988191462407, 28.17673079511984113, 6.972392225365031670 ) ) ;
#1683 = CARTESIAN_POINT ( 'NONE',  ( 3.428608427426859340, 28.17673079511984113, 6.377079725365033980 ) ) ;
#1684 = ORIENTED_EDGE ( 'NONE', *, *, #1235, .F. ) ;
#1685 = DIRECTION ( 'NONE',  ( 0.000000000000000000, 0.000000000000000000, -1.000000000000000000 ) ) ;
#1686 = LINE ( 'NONE', #713, #768 ) ;
#1687 = CARTESIAN_POINT ( 'NONE',  ( -14.82970836264689574, -0.4528989931613446318, 4.194267226448972430 ) ) ;
#1688 = CARTESIAN_POINT ( 'NONE',  ( 7.167079154670742192, 46.04710100683859508, 4.194267226448972430 ) ) ;
#1689 = CARTESIAN_POINT ( 'NONE',  ( 21.56707915467073988, 15.04710100683859331, 5.694267226448971542 ) ) ;
#1690 =( BOUNDED_CURVE ( )  B_SPLINE_CURVE ( 2, ( #155, #19, #482, #1119, #587, #4, #1589, #289, #761, #1241, #1086, #1419, #930, #145, #1768, #1896, #619, #328, #1096, #1579, #320, #1427, #920, #961, #1746, #941, #124, #1275, #133, #1907, #1735, #776, #471, #1571, #953, #1256, #1597, #1408, #163, #1886, #750, #1395, #1878, #793, #2042, #188, #643, #841, #1298, #820, #662, #805, #1634, #1492, #1326, #63, #31, #1468, #983, #1921, #181, #38, #1127, #680, #1480 ),
 .UNSPECIFIED., .F., .T. ) 
 B_SPLINE_CURVE_WITH_KNOTS ( ( 3, 2, 2, 2, 2, 2, 2, 2, 2, 2, 2, 2, 2, 2, 2, 2, 2, 2, 2, 2, 2, 2, 2, 2, 2, 2, 2, 2, 2, 2, 2, 2, 3 ),
 ( 0.000000000000000000, 0.02500000000000000139, 0.05000000000000000278, 0.07499999999999999722, 0.1000000000000000056, 0.1250000000000000000, 0.1499999999999999944, 0.1749999999999999889, 0.2000000000000000111, 0.2250000000000000056, 0.2500000000000000000, 0.2750000000000000222, 0.2999999999999999889, 0.3250000000000000111, 0.3499999999999999778, 0.3750000000000000000, 0.4000000000000000222, 0.4249999999999999889, 0.4500000000000000111, 0.4749999999999999778, 0.5000000000000000000, 0.5250000000000000222, 0.5500000000000000444, 0.5749999999999999556, 0.5999999999999999778, 0.6250000000000000000, 0.6500000000000000222, 0.6750000000000001554, 0.6999999999999999556, 0.7249999999999999778, 0.7500000000000000000, 0.7750000000000000222, 0.7942029406574572237 ),
 .UNSPECIFIED. ) 
 CURVE ( )  GEOMETRIC_REPRESENTATION_ITEM ( )  RATIONAL_B_SPLINE_CURVE ( ( 1.000000000000000000, 0.9238795325112867385, 1.000000000000000000, 0.9238795325112867385, 1.000000000000000000, 0.9238795325112867385, 1.000000000000000000, 0.9238795325112867385, 1.000000000000000000, 0.9238795325112867385, 1.000000000000000000, 0.9238795325112867385, 1.000000000000000000, 0.9238795325112867385, 1.000000000000000000, 0.9238795325112867385, 1.000000000000000000, 0.9238795325112867385, 1.000000000000000000, 0.9238795325112867385, 1.000000000000000000, 0.9238795325112867385, 1.000000000000000000, 0.9238795325112867385, 1.000000000000000000, 0.9238795325112867385, 1.000000000000000000, 0.9238795325112867385, 1.000000000000000000, 0.9238795325112867385, 1.000000000000000000, 0.9238795325112867385, 1.000000000000000000, 0.9238795325112867385, 1.000000000000000000, 0.9238795325112867385, 1.000000000000000000, 0.9238795325112867385, 1.000000000000000000, 0.9238795325112867385, 1.000000000000000000, 0.9238795325112867385, 1.000000000000000000, 0.9238795325112867385, 1.000000000000000000, 0.9238795325112867385, 1.000000000000000000, 0.9238795325112867385, 1.000000000000000000, 0.9238795325112867385, 1.000000000000000000, 0.9238795325112867385, 1.000000000000000000, 0.9238795325112867385, 1.000000000000000000, 0.9238795325112867385, 1.000000000000000000, 0.9238795325112867385, 1.000000000000000000, 0.9238795325112867385, 1.000000000000000000, 0.9238795325112867385, 1.000000000000000000, 0.9415305271998536396, 0.9728839197160286112 ) ) 
 REPRESENTATION_ITEM ( '' )  );
#1691 = VERTEX_POINT ( 'NONE', #245 ) ;
#1692 = CARTESIAN_POINT ( 'NONE',  ( 21.99670894295198664, 9.608630279594702728, 6.773954725365031848 ) ) ;
#1693 = EDGE_CURVE ( 'NONE', #1297, #422, #1553, .T. ) ;
#1694 = ORIENTED_EDGE ( 'NONE', *, *, #1708, .T. ) ;
#1695 = DIRECTION ( 'NONE',  ( -1.000000000000000000, 0.000000000000000000, 0.000000000000000000 ) ) ;
#1696 = CARTESIAN_POINT ( 'NONE',  ( 8.867079154670740593, 46.04710100683859508, 4.194267226448972430 ) ) ;
#1697 = CARTESIAN_POINT ( 'NONE',  ( -3.832920845329244930, 20.30761324897691722, 4.541532851448971897 ) ) ;
#1698 = CARTESIAN_POINT ( 'NONE',  ( 21.78189404881136682, 15.04710100683859331, 4.665556287323062712 ) ) ;
#1699 = CARTESIAN_POINT ( 'NONE',  ( 8.867079154670738816, 1.917471218557344592, 6.625126600365032203 ) ) ;
#1700 = DIRECTION ( 'NONE',  ( -0.000000000000000000, -0.000000000000000000, -1.000000000000000000 ) ) ;
#1701 = CARTESIAN_POINT ( 'NONE',  ( -3.153833717067520581, 19.18875155765279317, 7.694267226448972430 ) ) ;
#1702 = ORIENTED_EDGE ( 'NONE', *, *, #1550, .T. ) ;
#1703 = CARTESIAN_POINT ( 'NONE',  ( 21.56707915467073988, 15.04710100683859331, 4.194267226448972430 ) ) ;
#1704 = CARTESIAN_POINT ( 'NONE',  ( -4.262550633610508122, 15.04710100683859508, 7.220439100365032559 ) ) ;
#1705 = EDGE_LOOP ( 'NONE', ( #1516, #1926 ) ) ;
#1706 = CYLINDRICAL_SURFACE ( 'NONE', #1029, 1.699999999999999289 ) ;
#1707 = AXIS2_PLACEMENT_3D ( 'NONE', #794, #1087, #632 ) ;
#1708 = EDGE_CURVE ( 'NONE', #1454, #293, #804, .T. ) ;
#1709 = CIRCLE ( 'NONE', #1305, 1.700000000000000178 ) ;
#1710 = CARTESIAN_POINT ( 'NONE',  ( -0.1131769663984105029, 24.02735712790774514, 5.087235974281091977 ) ) ;
#1711 = ORIENTED_EDGE ( 'NONE', *, *, #1564, .T. ) ;
#1712 = CARTESIAN_POINT ( 'NONE',  ( -0.4169711030918271111, 5.763050749076029433, 5.732157850365032559 ) ) ;
#1713 = CARTESIAN_POINT ( 'NONE',  ( 13.92511852911992598, 27.04163675327798089, 7.694267226448973318 ) ) ;
#1714 = CARTESIAN_POINT ( 'NONE',  ( 14.12759139680904852, 27.74710100683859793, 6.525907849281092687 ) ) ;
#1715 = CIRCLE ( 'NONE', #996, 1.700000000000000178 ) ;
#1716 = ORIENTED_EDGE ( 'NONE', *, *, #1515, .F. ) ;
#1717 = CARTESIAN_POINT ( 'NONE',  ( 8.867079154670740593, 15.04710100683859331, 4.194267226448972430 ) ) ;
#1718 = CARTESIAN_POINT ( 'NONE',  ( 21.99670894295199020, 15.04710100683859331, 6.129032850365033092 ) ) ;
#1719 = ORIENTED_EDGE ( 'NONE', *, *, #1652, .F. ) ;
#1720 = FACE_OUTER_BOUND ( 'NONE', #2013, .T. ) ;
#1721 = CARTESIAN_POINT ( 'NONE',  ( -19.67970836264689538, -0.4528989931613450204, 7.694267226448971542 ) ) ;
#1722 = VERTEX_POINT ( 'NONE', #1341 ) ;
#1723 = CARTESIAN_POINT ( 'NONE',  ( 8.867079154670738816, 1.917471218557344592, 5.831376600365032026 ) ) ;
#1724 = EDGE_CURVE ( 'NONE', #1321, #721, #254, .T. ) ;
#1725 = CARTESIAN_POINT ( 'NONE',  ( 8.203647455694024870, 27.94945339001651874, 7.694267226448974206 ) ) ;
#1726 = DIRECTION ( 'NONE',  ( -0.000000000000000000, -0.000000000000000000, 1.000000000000000000 ) ) ;
#1727 = DIRECTION ( 'NONE',  ( -0.000000000000000000, -0.000000000000000000, -1.000000000000000000 ) ) ;
#1728 = CARTESIAN_POINT ( 'NONE',  ( -3.832920845329258253, 20.30761324897690301, 5.335282851448972963 ) ) ;
#1729 = CARTESIAN_POINT ( 'NONE',  ( 18.15112941243330980, 24.33115126460116429, 7.815751600365032914 ) ) ;
#1730 = ORIENTED_EDGE ( 'NONE', *, *, #1329, .T. ) ;
#1731 = CARTESIAN_POINT ( 'NONE',  ( 38.86386667198848244, 30.54710100683834639, 4.194267226448972430 ) ) ;
#1732 = DIRECTION ( 'NONE',  ( -1.000000000000000000, 0.000000000000000000, 0.000000000000000000 ) ) ;
#1733 = ORIENTED_EDGE ( 'NONE', *, *, #1047, .F. ) ;
#1734 = CARTESIAN_POINT ( 'NONE',  ( -1.093326209410754091, 7.149801234251172311, 7.694267226448972430 ) ) ;
#1735 = CARTESIAN_POINT ( 'NONE',  ( 18.15112941243330624, 5.763050749076025880, 6.029814100365032736 ) ) ;
#1736 = CARTESIAN_POINT ( 'NONE',  ( -0.1131769663984139723, 6.066844885769442364, 7.666923474281091444 ) ) ;
#1737 = EDGE_CURVE ( 'NONE', #1186, #545, #2027, .T. ) ;
#1738 = CARTESIAN_POINT ( 'NONE',  ( 18.15112941243330624, 5.763050749076025880, 5.930595350365032381 ) ) ;
#1739 = CARTESIAN_POINT ( 'NONE',  ( 21.56707915467073633, 9.786588764700278276, 5.732157851448971719 ) ) ;
#1740 = CARTESIAN_POINT ( 'NONE',  ( -0.1131769663984139723, 6.066844885769442364, 6.873173474281091266 ) ) ;
#1741 = ORIENTED_EDGE ( 'NONE', *, *, #1919, .F. ) ;
#1742 = ORIENTED_EDGE ( 'NONE', *, *, #150, .T. ) ;
#1743 = CARTESIAN_POINT ( 'NONE',  ( -3.565873859933366585, 12.40243170216497681, 7.694267226448971542 ) ) ;
#1744 = CIRCLE ( 'NONE', #990, 35.50000000000001421 ) ;
#1745 = AXIS2_PLACEMENT_3D ( 'NONE', #751, #1526, #708 ) ;
#1746 = CARTESIAN_POINT ( 'NONE',  ( -4.262550633610508122, 15.04710100683859508, 5.732157850365032559 ) ) ;
#1747 = CARTESIAN_POINT ( 'NONE',  ( 2.064381457459070646, 4.322665258624502904, 7.694267226448971542 ) ) ;
#1748 = AXIS2_PLACEMENT_3D ( 'NONE', #798, #286, #606 ) ;
#1749 = CARTESIAN_POINT ( 'NONE',  ( -0.4169711030918271111, 5.763050749076029433, 5.732157850365032559 ) ) ;
#1750 = CARTESIAN_POINT ( 'NONE',  ( 2.064381457459070646, 4.322665258624502904, 7.694267226448971542 ) ) ;
#1751 = CARTESIAN_POINT ( 'NONE',  ( 21.56707915467071146, 9.786588764700262288, 7.121220349281092155 ) ) ;
#1752 = EDGE_CURVE ( 'NONE', #502, #1882, #1690, .T. ) ;
#1753 = ORIENTED_EDGE ( 'NONE', *, *, #935, .F. ) ;
#1754 = CARTESIAN_POINT ( 'NONE',  ( 8.867079154670740593, 46.04710100683859508, 7.694267226448971542 ) ) ;
#1755 = CYLINDRICAL_SURFACE ( 'NONE', #1243, 1.700000000000000178 ) ;
#1756 = VERTEX_POINT ( 'NONE', #1294 ) ;
#1757 = CARTESIAN_POINT ( 'NONE',  ( -2.517612063218906737, 9.393324801213507769, 7.694267226448972430 ) ) ;
#1758 = CARTESIAN_POINT ( 'NONE',  ( 7.167079154670742192, -15.95289899316140669, 4.194267226448972430 ) ) ;
#1759 = CARTESIAN_POINT ( 'NONE',  ( -0.4169711030918236139, 24.33115126460116429, 6.327470350365032026 ) ) ;
#1760 = EDGE_CURVE ( 'NONE', #1354, #579, #1715, .T. ) ;
#1761 = ORIENTED_EDGE ( 'NONE', *, *, #1787, .T. ) ;
#1762 = CARTESIAN_POINT ( 'NONE',  ( 21.56707915467073633, 9.786588764700278276, 7.319657851448972963 ) ) ;
#1763 =( BOUNDED_CURVE ( )  B_SPLINE_CURVE ( 2, ( #1871, #1091, #1740, #7, #1584, #1267, #1900, #1751, #118 ),
 .UNSPECIFIED., .F., .F. ) 
 B_SPLINE_CURVE_WITH_KNOTS ( ( 3, 2, 2, 2, 3 ),
 ( 0.4999999999999999445, 0.5249999999999999112, 0.5499999999999999334, 0.5749999999999998446, 0.5999999999999998668 ),
 .UNSPECIFIED. ) 
 CURVE ( )  GEOMETRIC_REPRESENTATION_ITEM ( )  RATIONAL_B_SPLINE_CURVE ( ( 1.000000000000000222, 0.9238795325112865164, 1.000000000000000000, 0.9238795325112867385, 1.000000000000000000, 0.9238795325112867385, 1.000000000000000000, 0.9238795325112870716, 0.9999999999999996669 ) ) 
 REPRESENTATION_ITEM ( '' )  );
#1764 = DIRECTION ( 'NONE',  ( -0.000000000000000000, -0.000000000000000000, 1.000000000000000000 ) ) ;
#1765 = ADVANCED_FACE ( 'NONE', ( #364 ), #1936, .F. ) ;
#1766 = ORIENTED_EDGE ( 'NONE', *, *, #1760, .T. ) ;
#1767 = CARTESIAN_POINT ( 'NONE',  ( -17.97970836264679306, 30.54710100683871943, 5.644267226448972607 ) ) ;
#1768 = CARTESIAN_POINT ( 'NONE',  ( 18.15112941243330624, 5.763050749076025880, 5.236064100365032559 ) ) ;
#1769 = CARTESIAN_POINT ( 'NONE',  ( 3.428608427426859340, 28.17673079511984113, 4.690360975365033269 ) ) ;
#1770 = CARTESIAN_POINT ( 'NONE',  ( -4.262550633610508122, 20.48557173408247678, 6.377079725365033980 ) ) ;
#1771 = ORIENTED_EDGE ( 'NONE', *, *, #807, .F. ) ;
#1772 = FACE_OUTER_BOUND ( 'NONE', #1234, .T. ) ;
#1773 =( BOUNDED_CURVE ( )  B_SPLINE_CURVE ( 2, ( #1115, #938, #771, #1594, #616, #1271, #1252, #1762, #152 ),
 .UNSPECIFIED., .F., .F. ) 
 B_SPLINE_CURVE_WITH_KNOTS ( ( 3, 2, 2, 2, 3 ),
 ( 0.6999999999999998446, 0.7249999999999998668, 0.7500000000000000000, 0.7750000000000000222, 0.8000000000000000444 ),
 .UNSPECIFIED. ) 
 CURVE ( )  GEOMETRIC_REPRESENTATION_ITEM ( )  RATIONAL_B_SPLINE_CURVE ( ( 1.000000000000000444, 0.9238795325112864054, 1.000000000000000000, 0.9238795325112867385, 1.000000000000000000, 0.9238795325112867385, 1.000000000000000000, 0.9238795325112867385, 1.000000000000000000 ) ) 
 REPRESENTATION_ITEM ( '' )  );
#1774 = DIRECTION ( 'NONE',  ( -1.000000000000000000, 0.000000000000000000, 0.000000000000000000 ) ) ;
#1775 = CARTESIAN_POINT ( 'NONE',  ( 13.65828901556988129, 3.050143984117670737, 7.694267226448971542 ) ) ;
#1776 = CARTESIAN_POINT ( 'NONE',  ( 8.867079154670740593, 28.17673079511984113, 5.434501600365032381 ) ) ;
#1777 = AXIS2_PLACEMENT_3D ( 'NONE', #910, #1561, #642 ) ;
#1778 = VECTOR ( 'NONE', #1987, 1000.000000000000114 ) ;
#1779 = CARTESIAN_POINT ( 'NONE',  ( 14.12759139680905207, 2.347101006838596238, 5.434501599281092332 ) ) ;
#1780 = CARTESIAN_POINT ( 'NONE',  ( 14.30554988191462584, 1.917471218557346369, 5.880985975365031315 ) ) ;
#1781 = CARTESIAN_POINT ( 'NONE',  ( -4.262550633610508122, 20.48557173408247678, 5.682548475365032381 ) ) ;
#1782 = ORIENTED_EDGE ( 'NONE', *, *, #279, .T. ) ;
#1783 = DIRECTION ( 'NONE',  ( 1.000000000000000000, 0.000000000000000000, 0.000000000000000000 ) ) ;
#1784 = DIRECTION ( 'NONE',  ( -0.7071067811865473507, 0.000000000000000000, -0.7071067811865477948 ) ) ;
#1785 = CARTESIAN_POINT ( 'NONE',  ( 16.01314212689373306, 4.230664446259907230, 7.694267226448970654 ) ) ;
#1786 = CARTESIAN_POINT ( 'NONE',  ( 21.99670894295198664, 9.608630279594702728, 5.186454725365032381 ) ) ;
#1787 = EDGE_CURVE ( 'NONE', #1756, #1956, #1317, .T. ) ;
#1788 = CARTESIAN_POINT ( 'NONE',  ( 21.91807968056541611, 13.54896396136040870, 7.694267226448972430 ) ) ;
#1789 = CARTESIAN_POINT ( 'NONE',  ( 18.15112941243330624, 5.763050749076025880, 6.029814100365032736 ) ) ;
#1790 = ORIENTED_EDGE ( 'NONE', *, *, #1828, .F. ) ;
#1791 = DIRECTION ( 'NONE',  ( -0.000000000000000000, -0.000000000000000000, -1.000000000000000000 ) ) ;
#1792 = CARTESIAN_POINT ( 'NONE',  ( 21.56707915467073988, 15.04710100683859331, 7.369267226448972252 ) ) ;
#1793 = CARTESIAN_POINT ( 'NONE',  ( -3.832920845329258253, 15.04710100683859508, 6.178642226448972430 ) ) ;
#1794 = EDGE_CURVE ( 'NONE', #1354, #362, #1615, .T. ) ;
#1795 = DIRECTION ( 'NONE',  ( -1.000000000000000000, 0.000000000000000000, 0.000000000000000000 ) ) ;
#1796 = CARTESIAN_POINT ( 'NONE',  ( 14.12759139680904852, 27.74710100683859793, 5.732157849281092510 ) ) ;
#1797 = CARTESIAN_POINT ( 'NONE',  ( 21.99670894295199020, 15.04710100683859331, 5.236064100365032559 ) ) ;
#1798 = CARTESIAN_POINT ( 'NONE',  ( 18.15112941243330624, 5.763050749076025880, 5.236064100365032559 ) ) ;
#1799 = EDGE_LOOP ( 'NONE', ( #1741, #1621, #951, #1214 ) ) ;
#1800 = DIRECTION ( 'NONE',  ( -1.000000000000000000, 0.000000000000000000, 0.000000000000000000 ) ) ;
#1801 = DIRECTION ( 'NONE',  ( -0.000000000000000000, -0.000000000000000000, 1.000000000000000000 ) ) ;
#1802 = CARTESIAN_POINT ( 'NONE',  ( -3.832920845329258253, 15.04710100683859508, 7.567704724281091089 ) ) ;
#1803 = CARTESIAN_POINT ( 'NONE',  ( 14.12759139680904852, 27.74710100683859793, 7.518095351448971897 ) ) ;
#1804 = DIRECTION ( 'NONE',  ( -0.7071067811865473507, 0.000000000000000000, -0.7071067811865477948 ) ) ;
#1805 = VECTOR ( 'NONE', #2043, 1000.000000000000000 ) ;
#1806 = CIRCLE ( 'NONE', #1777, 3.149999999999999911 ) ;
#1807 = CARTESIAN_POINT ( 'NONE',  ( -0.4169711030918236139, 24.33115126460116429, 5.533720350365032736 ) ) ;
#1808 = EDGE_CURVE ( 'NONE', #1643, #926, #1928, .T. ) ;
#1809 = AXIS2_PLACEMENT_3D ( 'NONE', #857, #392, #2005 ) ;
#1810 = AXIS2_PLACEMENT_3D ( 'NONE', #529, #538, #1509 ) ;
#1811 = DIRECTION ( 'NONE',  ( -0.7071067811865473507, 0.000000000000000000, -0.7071067811865477948 ) ) ;
#1812 = CARTESIAN_POINT ( 'NONE',  ( 35.71386667198815701, -0.4528989931617197207, 4.194267226448972430 ) ) ;
#1813 = DIRECTION ( 'NONE',  ( -1.000000000000000000, 0.000000000000000000, 0.000000000000000000 ) ) ;
#1814 = CARTESIAN_POINT ( 'NONE',  ( 14.30554988191462407, 28.17673079511984113, 4.591142225365032026 ) ) ;
#1815 = CARTESIAN_POINT ( 'NONE',  ( -21.12970836264689467, -0.4528989931613450204, 4.194267226448972430 ) ) ;
#1816 = CARTESIAN_POINT ( 'NONE',  ( 8.867079154670738816, 2.347101006838594461, 7.766142224281091799 ) ) ;
#1817 = CARTESIAN_POINT ( 'NONE',  ( 8.867079154670740593, 28.17673079511984113, 7.815751600365031138 ) ) ;
#1818 = EDGE_CURVE ( 'NONE', #1454, #1297, #355, .T. ) ;
#1819 = ORIENTED_EDGE ( 'NONE', *, *, #1992, .T. ) ;
#1820 = FACE_OUTER_BOUND ( 'NONE', #528, .T. ) ;
#1821 = DIRECTION ( 'NONE',  ( -0.000000000000000000, -0.000000000000000000, -1.000000000000000000 ) ) ;
#1822 = CARTESIAN_POINT ( 'NONE',  ( -3.832920845329258253, 20.30761324897690301, 6.922782851448973318 ) ) ;
#1823 = DIRECTION ( 'NONE',  ( -1.000000000000000000, 0.000000000000000000, 0.000000000000000000 ) ) ;
#1824 = CARTESIAN_POINT ( 'NONE',  ( 20.13808422985565016, 21.79527744323689475, 7.694267226448975983 ) ) ;
#1825 = CARTESIAN_POINT ( 'NONE',  ( 17.84733527573989420, 24.02735712790774514, 8.063798474281092865 ) ) ;
#1826 = CARTESIAN_POINT ( 'NONE',  ( 14.30554988191462584, 1.917471218557346369, 6.674735975365033269 ) ) ;
#1827 = ORIENTED_EDGE ( 'NONE', *, *, #697, .T. ) ;
#1828 = EDGE_CURVE ( 'NONE', #926, #890, #1677, .T. ) ;
#1829 = DIRECTION ( 'NONE',  ( -1.000000000000000000, 0.000000000000000000, 0.000000000000000000 ) ) ;
#1830 = CARTESIAN_POINT ( 'NONE',  ( 3.606566912532434444, 27.74710100683859793, 5.236064101448972607 ) ) ;
#1831 = CARTESIAN_POINT ( 'NONE',  ( -0.4169711030918271111, 5.763050749076029433, 7.319657850365032026 ) ) ;
#1832 = EDGE_CURVE ( 'NONE', #1477, #318, #197, .T. ) ;
#1833 = CARTESIAN_POINT ( 'NONE',  ( 21.56707915467073988, 15.04710100683859331, 5.781767226448972785 ) ) ;
#1834 = CARTESIAN_POINT ( 'NONE',  ( -3.790226717071488949, 16.25098660070634438, 7.694267226448973318 ) ) ;
#1835 = CARTESIAN_POINT ( 'NONE',  ( 3.428608427426859340, 28.17673079511984113, 5.583329725365032914 ) ) ;
#1836 = CIRCLE ( 'NONE', #828, 1.700000000000000178 ) ;
#1837 = EDGE_LOOP ( 'NONE', ( #136, #303, #1195, #391, #1435 ) ) ;
#1838 = LINE ( 'NONE', #404, #966 ) ;
#1839 = VECTOR ( 'NONE', #131, 1000.000000000000000 ) ;
#1840 = CARTESIAN_POINT ( 'NONE',  ( 21.56707915467073988, 15.04710100683859331, 5.781767226448972785 ) ) ;
#1841 = CARTESIAN_POINT ( 'NONE',  ( 21.56707915467073988, 15.04710100683859331, 4.194267226448972430 ) ) ;
#1842 = CARTESIAN_POINT ( 'NONE',  ( -4.262550633610511674, 9.608630279594713386, 7.270048475365033624 ) ) ;
#1843 = DIRECTION ( 'NONE',  ( -0.000000000000000000, -0.000000000000000000, 1.000000000000000000 ) ) ;
#1844 = CARTESIAN_POINT ( 'NONE',  ( -3.619450204040409957, 17.44257523312241887, 7.694267226448970654 ) ) ;
#1845 = ADVANCED_FACE ( 'NONE', ( #498 ), #1585, .F. ) ;
#1846 = EDGE_LOOP ( 'NONE', ( #424, #753, #881, #1680 ) ) ;
#1847 = CARTESIAN_POINT ( 'NONE',  ( -4.262550633610511674, 9.608630279594713386, 5.781767225365032736 ) ) ;
#1848 = PRODUCT ( 'CS_MOUNT', 'CS_MOUNT', '', ( #1093 ) ) ;
#1849 = CARTESIAN_POINT ( 'NONE',  ( 3.428608427426859340, 28.17673079511984113, 7.170829725365032381 ) ) ;
#1850 = ORIENTED_EDGE ( 'NONE', *, *, #1708, .F. ) ;
#1851 = CARTESIAN_POINT ( 'NONE',  ( 21.56707915467073988, 15.04710100683859331, 7.170829724281091444 ) ) ;
#1852 = CARTESIAN_POINT ( 'NONE',  ( -3.832920845329258253, 15.04710100683859508, 5.980204724281091622 ) ) ;
#1853 = CARTESIAN_POINT ( 'NONE',  ( 17.84733527573989420, 24.02735712790774514, 4.293485976448972785 ) ) ;
#1854 = DIRECTION ( 'NONE',  ( 1.000000000000000000, 0.000000000000000000, 0.000000000000000000 ) ) ;
#1855 = ORIENTED_EDGE ( 'NONE', *, *, #24, .T. ) ;
#1856 = CARTESIAN_POINT ( 'NONE',  ( 14.30554988191462407, 28.17673079511984113, 6.972392225365031670 ) ) ;
#1857 = CYLINDRICAL_SURFACE ( 'NONE', #2006, 12.69999999999999929 ) ;
#1858 = FACE_OUTER_BOUND ( 'NONE', #1425, .T. ) ;
#1859 = ADVANCED_FACE ( 'NONE', ( #1152 ), #335, .T. ) ;
#1860 = ORIENTED_EDGE ( 'NONE', *, *, #1073, .T. ) ;
#1861 = CARTESIAN_POINT ( 'NONE',  ( -3.832920845329258253, 20.30761324897690301, 6.129032851448971364 ) ) ;
#1862 = CARTESIAN_POINT ( 'NONE',  ( 8.867079154670738816, 1.917471218557344592, 7.418876600365032381 ) ) ;
#1863 = VERTEX_POINT ( 'NONE', #1958 ) ;
#1864 = DIRECTION ( 'NONE',  ( -1.000000000000000000, 0.000000000000000000, -0.000000000000000000 ) ) ;
#1865 = DIRECTION ( 'NONE',  ( -0.000000000000000000, -0.000000000000000000, -1.000000000000000000 ) ) ;
#1866 = CARTESIAN_POINT ( 'NONE',  ( -1.425672104421091602, 23.32245026327189308, 7.927982960256645839 ) ) ;
#1867 = CARTESIAN_POINT ( 'NONE',  ( 32.56386667198815843, -0.4528989931617197207, 4.194267226448972430 ) ) ;
#1868 = CARTESIAN_POINT ( 'NONE',  ( 21.56707915467073988, 15.04710100683859331, 4.988017226448972607 ) ) ;
#1869 = ORIENTED_EDGE ( 'NONE', *, *, #816, .F. ) ;
#1870 = CARTESIAN_POINT ( 'NONE',  ( 14.12759139680905207, 2.347101006838596238, 5.632939101448973140 ) ) ;
#1871 = CARTESIAN_POINT ( 'NONE',  ( -3.832920845329258253, 15.04710100683859508, 6.773954724281091799 ) ) ;
#1872 = ADVANCED_FACE ( 'NONE', ( #993 ), #1645, .F. ) ;
#1873 = ORIENTED_EDGE ( 'NONE', *, *, #807, .T. ) ;
#1874 = DIRECTION ( 'NONE',  ( -1.000000000000000000, 0.000000000000000000, 0.000000000000000000 ) ) ;
#1875 = CARTESIAN_POINT ( 'NONE',  ( 21.56707915467073988, 15.04710100683859331, 5.694267226448971542 ) ) ;
#1876 = CARTESIAN_POINT ( 'NONE',  ( 3.428608427426850902, 1.917471218557348145, 5.781767225365032736 ) ) ;
#1877 = AXIS2_PLACEMENT_3D ( 'NONE', #583, #433, #1874 ) ;
#1878 = CARTESIAN_POINT ( 'NONE',  ( -0.4169711030918271111, 5.763050749076029433, 6.625126600365032203 ) ) ;
#1879 = DIRECTION ( 'NONE',  ( -0.000000000000000000, -0.000000000000000000, -1.000000000000000000 ) ) ;
#1880 = EDGE_LOOP ( 'NONE', ( #909, #1827 ) ) ;
#1881 = CARTESIAN_POINT ( 'NONE',  ( 8.867079154670738816, 1.917471218557344592, 6.724345350365032559 ) ) ;
#1882 = VERTEX_POINT ( 'NONE', #210 ) ;
#1883 = ORIENTED_EDGE ( 'NONE', *, *, #299, .T. ) ;
#1884 = CARTESIAN_POINT ( 'NONE',  ( -0.02582014721156061787, 5.964783610473119779, 7.694267226448972430 ) ) ;
#1885 = EDGE_CURVE ( 'NONE', #701, #318, #370, .T. ) ;
#1886 = CARTESIAN_POINT ( 'NONE',  ( -4.262550633610508122, 20.48557173408247678, 6.476298475365032559 ) ) ;
#1887 = PLANE ( 'NONE',  #1023 ) ;
#1888 = CARTESIAN_POINT ( 'NONE',  ( -4.262550633610508122, 20.48557173408247678, 4.789579725365032736 ) ) ;
#1889 = CARTESIAN_POINT ( 'NONE',  ( -3.832920845329258253, 15.04710100683859508, 5.384892226448972252 ) ) ;
#1890 = CARTESIAN_POINT ( 'NONE',  ( -4.262550633610508122, 15.04710100683859508, 6.525907850365032736 ) ) ;
#1891 = EDGE_LOOP ( 'NONE', ( #2026, #295, #154, #1117 ) ) ;
#1892 = CARTESIAN_POINT ( 'NONE',  ( 17.84733527573989065, 6.066844885769438811, 5.484110974281091622 ) ) ;
#1893 = CARTESIAN_POINT ( 'NONE',  ( 5.717079154670741126, 46.04710100683859508, 4.194267226448972430 ) ) ;
#1894 = ORIENTED_EDGE ( 'NONE', *, *, #288, .T. ) ;
#1895 = CARTESIAN_POINT ( 'NONE',  ( 35.71386667198815701, -0.4528989931617197207, 7.694267226448971542 ) ) ;
#1896 = CARTESIAN_POINT ( 'NONE',  ( 21.99670894295198664, 9.608630279594700951, 5.285673475365034513 ) ) ;
#1897 = CARTESIAN_POINT ( 'NONE',  ( 21.99670894295199020, 15.04710100683859331, 4.491923475365032559 ) ) ;
#1898 = CARTESIAN_POINT ( 'NONE',  ( -4.262550633610508122, 20.48557173408247678, 6.377079725365033980 ) ) ;
#1899 = CARTESIAN_POINT ( 'NONE',  ( 8.867079154670740593, 27.74710100683859437, 5.980204726448972607 ) ) ;
#1900 = CARTESIAN_POINT ( 'NONE',  ( 17.84733527573989065, 6.066844885769438811, 7.071610974281091977 ) ) ;
#1901 = ORIENTED_EDGE ( 'NONE', *, *, #646, .T. ) ;
#1902 =( BOUNDED_CURVE ( )  B_SPLINE_CURVE ( 2, ( #1411, #2045, #602, #786, #1111, #1769, #1257, #1888, #1295, #1278, #1912, #300, #490, #943, #474, #322, #1089, #1288, #1129, #185, #1776, #341, #815, #1121, #808, #1591, #1749, #778, #1460, #330, #1738, #955, #41, #1599, #157, #962, #5, #1440, #1759, #1898, #1451, #165, #23, #932, #484, #1266, #177, #1429, #13, #622, #795, #634, #1582, #33, #148, #460, #1420, #645, #613, #1922, #311, #1169, #1139, #997, #1635, #1330, #1484 ),
 .UNSPECIFIED., .F., .F. ) 
 B_SPLINE_CURVE_WITH_KNOTS ( ( 3, 2, 2, 2, 2, 2, 2, 2, 2, 2, 2, 2, 2, 2, 2, 2, 2, 2, 2, 2, 2, 2, 2, 2, 2, 2, 2, 2, 2, 2, 2, 2, 2, 3 ),
 ( 0.000000000000000000, 0.02500000000000000486, 0.05000000000000000971, 0.07499999999999999722, 0.1000000000000000194, 0.1250000000000000000, 0.1499999999999999944, 0.1749999999999999611, 0.2000000000000000389, 0.2250000000000000056, 0.2500000000000000000, 0.2750000000000000222, 0.2999999999999999889, 0.3250000000000000111, 0.3499999999999999223, 0.3750000000000000555, 0.4000000000000000777, 0.4249999999999999889, 0.4500000000000000111, 0.4749999999999999778, 0.5000000000000000000, 0.5250000000000000222, 0.5500000000000000444, 0.5749999999999999556, 0.5999999999999999778, 0.6250000000000000000, 0.6500000000000000222, 0.6750000000000000444, 0.6999999999999998446, 0.7249999999999998668, 0.7500000000000001110, 0.7750000000000001332, 0.8000000000000001554, 0.8192029406574569128 ),
 .UNSPECIFIED. ) 
 CURVE ( )  GEOMETRIC_REPRESENTATION_ITEM ( )  RATIONAL_B_SPLINE_CURVE ( ( 1.000000000000000000, 0.9238795325112867385, 1.000000000000000000, 0.9238795325112867385, 1.000000000000000000, 0.9238795325112867385, 1.000000000000000000, 0.9238795325112867385, 1.000000000000000000, 0.9238795325112867385, 1.000000000000000000, 0.9238795325112867385, 1.000000000000000000, 0.9238795325112867385, 1.000000000000000000, 0.9238795325112867385, 1.000000000000000000, 0.9238795325112867385, 1.000000000000000000, 0.9238795325112867385, 1.000000000000000000, 0.9238795325112867385, 1.000000000000000000, 0.9238795325112867385, 1.000000000000000000, 0.9238795325112867385, 1.000000000000000000, 0.9238795325112867385, 1.000000000000000000, 0.9238795325112867385, 1.000000000000000000, 0.9238795325112867385, 1.000000000000000000, 0.9238795325112867385, 1.000000000000000000, 0.9238795325112867385, 1.000000000000000000, 0.9238795325112867385, 1.000000000000000000, 0.9238795325112867385, 1.000000000000000000, 0.9238795325112867385, 1.000000000000000000, 0.9238795325112867385, 1.000000000000000000, 0.9238795325112867385, 1.000000000000000000, 0.9238795325112867385, 1.000000000000000000, 0.9238795325112867385, 1.000000000000000000, 0.9238795325112867385, 1.000000000000000000, 0.9238795325112867385, 1.000000000000000000, 0.9238795325112867385, 1.000000000000000000, 0.9238795325112867385, 1.000000000000000000, 0.9238795325112867385, 1.000000000000000000, 0.9238795325112867385, 1.000000000000000000, 0.9238795325112867385, 1.000000000000000000, 0.9415305271998547498, 0.9728839197160275010 ) ) 
 REPRESENTATION_ITEM ( '' )  );
#1903 = CYLINDRICAL_SURFACE ( 'NONE', #661, 12.69999999999999929 ) ;
#1904 = ORIENTED_EDGE ( 'NONE', *, *, #1628, .F. ) ;
#1905 = CARTESIAN_POINT ( 'NONE',  ( 1.614430213895703625, 4.608152561048940221, 7.694267226448970654 ) ) ;
#1906 = VECTOR ( 'NONE', #1396, 1000.000000000000000 ) ;
#1907 = CARTESIAN_POINT ( 'NONE',  ( 14.30554988191462940, 1.917471218557346369, 5.980204725365033447 ) ) ;
#1908 = FACE_OUTER_BOUND ( 'NONE', #582, .T. ) ;
#1909 = CIRCLE ( 'NONE', #369, 12.69999999999999929 ) ;
#1910 = EDGE_CURVE ( 'NONE', #1045, #1403, #2044, .T. ) ;
#1911 = VECTOR ( 'NONE', #1228, 1000.000000000000000 ) ;
#1912 = CARTESIAN_POINT ( 'NONE',  ( -0.4169711030918271111, 5.763050749076029433, 4.938407850365032381 ) ) ;
#1913 = CARTESIAN_POINT ( 'NONE',  ( 21.56707915467073633, 9.786588764700283605, 5.533720349281092687 ) ) ;
#1914 = EDGE_LOOP ( 'NONE', ( #718, #746 ) ) ;
#1915 = CARTESIAN_POINT ( 'NONE',  ( -3.832920845329258253, 15.04710100683859508, 7.694267226448971542 ) ) ;
#1916 = CARTESIAN_POINT ( 'NONE',  ( -1.554143754548881429, 22.34277114903978045, 7.694267226448976871 ) ) ;
#1917 = FILL_AREA_STYLE ('',( #1287 ) ) ;
#1918 = CARTESIAN_POINT ( 'NONE',  ( 21.56707915467073633, 9.786588764700278276, 5.533720349281092687 ) ) ;
#1919 = EDGE_CURVE ( 'NONE', #890, #926, #698, .T. ) ;
#1920 = ORIENTED_EDGE ( 'NONE', *, *, #150, .F. ) ;
#1921 = CARTESIAN_POINT ( 'NONE',  ( 3.428608427426851346, 1.917471218557347923, 7.468485975365032559 ) ) ;
#1922 = CARTESIAN_POINT ( 'NONE',  ( 3.428608427426851346, 1.917471218557347923, 7.369267225365033980 ) ) ;
#1923 = PRODUCT_DEFINITION ( 'UNKNOWN', '', #639, #1656 ) ;
#1924 = ADVANCED_FACE ( 'NONE', ( #263 ), #1674, .F. ) ;
#1925 = CARTESIAN_POINT ( 'NONE',  ( 18.15112941243330980, 24.33115126460116429, 4.640751600365033092 ) ) ;
#1926 = ORIENTED_EDGE ( 'NONE', *, *, #1217, .F. ) ;
#1927 = CARTESIAN_POINT ( 'NONE',  ( 37.41386667198847960, 30.54710100683834639, 5.644267226448972607 ) ) ;
#1928 = LINE ( 'NONE', #1939, #1969 ) ;
#1929 = CARTESIAN_POINT ( 'NONE',  ( -17.97970836264679306, 30.54710100683871943, 4.194267226448972430 ) ) ;
#1930 = CARTESIAN_POINT ( 'NONE',  ( 18.80735214923992160, 6.631430982430530641, 7.694267226448975094 ) ) ;
#1931 = CARTESIAN_POINT ( 'NONE',  ( 21.56707915467073633, 9.786588764700278276, 6.525907851448972785 ) ) ;
#1932 = CYLINDRICAL_SURFACE ( 'NONE', #171, 12.69999999999999929 ) ;
#1933 = AXIS2_PLACEMENT_3D ( 'NONE', #738, #574, #1284 ) ;
#1934 = CONICAL_SURFACE ( 'NONE', #1066, 3.149999999999999911, 0.7853981633974480570 ) ;
#1935 = CARTESIAN_POINT ( 'NONE',  ( 21.56707915467073988, 15.04710100683859331, 5.583329724281091977 ) ) ;
#1936 = CONICAL_SURFACE ( 'NONE', #176, 3.149999999999999911, 0.7853981633974480570 ) ;
#1937 = CARTESIAN_POINT ( 'NONE',  ( 14.30554988191462407, 28.17673079511984113, 5.484110975365032559 ) ) ;
#1938 = ORIENTED_EDGE ( 'NONE', *, *, #633, .F. ) ;
#1939 = CARTESIAN_POINT ( 'NONE',  ( 34.01386667198815417, -0.4528989931617197207, 4.194267226448972430 ) ) ;
#1940 = DIRECTION ( 'NONE',  ( -0.000000000000000000, -0.000000000000000000, -1.000000000000000000 ) ) ;
#1941 = CARTESIAN_POINT ( 'NONE',  ( 17.84733527573989420, 24.02735712790774514, 6.674735976448972430 ) ) ;
#1942 = DIRECTION ( 'NONE',  ( -1.000000000000000000, 0.000000000000000000, 0.000000000000000000 ) ) ;
#1943 = VERTEX_POINT ( 'NONE', #882 ) ;
#1944 = CARTESIAN_POINT ( 'NONE',  ( 14.12759139680904852, 27.74710100683859793, 4.938407849281091444 ) ) ;
#1945 = CARTESIAN_POINT ( 'NONE',  ( -0.4169711030918271111, 5.763050749076029433, 4.938407850365032381 ) ) ;
#1946 = CARTESIAN_POINT ( 'NONE',  ( -4.262550633610508122, 20.48557173408247678, 4.888798475365033092 ) ) ;
#1947 = ORIENTED_EDGE ( 'NONE', *, *, #1818, .F. ) ;
#1948 = CARTESIAN_POINT ( 'NONE',  ( 8.867079154670740593, -15.95289899316140669, 4.194267226448972430 ) ) ;
#1949 = CARTESIAN_POINT ( 'NONE',  ( -0.1131769663984105029, 24.02735712790774514, 7.468485974281091622 ) ) ;
#1950 = CARTESIAN_POINT ( 'NONE',  ( 21.21578378637456552, 10.66112502964389996, 7.694267226448968877 ) ) ;
#1951 = CARTESIAN_POINT ( 'NONE',  ( -1.832256236239847569, 21.88919295249440822, 7.693802633561099391 ) ) ;
#1952 = CARTESIAN_POINT ( 'NONE',  ( 21.98824446822602496, 14.40831297604066918, 7.694267226448971542 ) ) ;
#1953 = ORIENTED_EDGE ( 'NONE', *, *, #697, .F. ) ;
#1954 = CARTESIAN_POINT ( 'NONE',  ( 3.606566912532434444, 27.74710100683859793, 5.831376599281091089 ) ) ;
#1955 = DIRECTION ( 'NONE',  ( -1.000000000000000000, 0.000000000000000000, 0.000000000000000000 ) ) ;
#1956 = VERTEX_POINT ( 'NONE', #2007 ) ;
#1957 = DIRECTION ( 'NONE',  ( -0.000000000000000000, -0.000000000000000000, -1.000000000000000000 ) ) ;
#1958 = CARTESIAN_POINT ( 'NONE',  ( 21.56707915467073988, 15.04710100683859331, 6.575517226448972075 ) ) ;
#1959 = CARTESIAN_POINT ( 'NONE',  ( -0.1131769663984105029, 24.02735712790774514, 7.666923476448972430 ) ) ;
#1960 = CARTESIAN_POINT ( 'NONE',  ( 21.54617959003611460, 11.66477314573698720, 7.694267226448970654 ) ) ;
#1961 = CARTESIAN_POINT ( 'NONE',  ( 21.56707915467073633, 9.786588764700278276, 7.319657851448972963 ) ) ;
#1962 = CYLINDRICAL_SURFACE ( 'NONE', #2038, 1.699999999999999289 ) ;
#1963 = CIRCLE ( 'NONE', #1745, 3.149999999999999911 ) ;
#1964 = ADVANCED_FACE ( 'NONE', ( #1197, #690, #251, #1543, #1355, #414, #1820, #393 ), #1224, .T. ) ;
#1965 = CARTESIAN_POINT ( 'NONE',  ( 21.56707915467073988, 20.30761324897690301, 7.220439099281093398 ) ) ;
#1966 = CARTESIAN_POINT ( 'NONE',  ( -4.262550633610508122, 15.04710100683859508, 4.938407850365032381 ) ) ;
#1967 = CIRCLE ( 'NONE', #1374, 1.700000000000000178 ) ;
#1968 = ADVANCED_FACE ( 'NONE', ( #1336 ), #1168, .F. ) ;
#1969 = VECTOR ( 'NONE', #488, 1000.000000000000000 ) ;
#1970 = ORIENTED_EDGE ( 'NONE', *, *, #1370, .F. ) ;
#1971 = DIRECTION ( 'NONE',  ( -0.000000000000000000, -0.000000000000000000, -1.000000000000000000 ) ) ;
#1972 = DIRECTION ( 'NONE',  ( -1.000000000000000000, 0.000000000000000000, 0.000000000000000000 ) ) ;
#1973 = CARTESIAN_POINT ( 'NONE',  ( -17.97970836264689609, -0.4528989931613450204, 4.194267226448972430 ) ) ;
#1974 = CARTESIAN_POINT ( 'NONE',  ( 17.84733527573989065, 6.066844885769438811, 7.270048476448971897 ) ) ;
#1975 = CARTESIAN_POINT ( 'NONE',  ( 19.35461936561208773, 22.94951808038612739, 7.694267226448975094 ) ) ;
#1976 = CARTESIAN_POINT ( 'NONE',  ( 22.01584562604444173, 15.26691486578612356, 7.694267226448971542 ) ) ;
#1977 = CARTESIAN_POINT ( 'NONE',  ( -3.832920845329261361, 9.786588764700287157, 7.617314099281092155 ) ) ;
#1978 = EDGE_CURVE ( 'NONE', #959, #1586, #1189, .T. ) ;
#1979 = CARTESIAN_POINT ( 'NONE',  ( 3.428608427426859340, 28.17673079511984113, 7.865360975365031315 ) ) ;
#1980 = ADVANCED_FACE ( 'NONE', ( #81 ), #1531, .F. ) ;
#1981 = ORIENTED_EDGE ( 'NONE', *, *, #1808, .F. ) ;
#1982 = CARTESIAN_POINT ( 'NONE',  ( 3.606566912532426450, 2.347101006838598458, 6.129032849281092155 ) ) ;
#1983 = CARTESIAN_POINT ( 'NONE',  ( -0.1131769663984139723, 6.066844885769442364, 5.484110976448972607 ) ) ;
#1984 = CARTESIAN_POINT ( 'NONE',  ( 8.867079154670740593, 27.74710100683859437, 4.392704726448972252 ) ) ;
#1985 = ORIENTED_EDGE ( 'NONE', *, *, #317, .T. ) ;
#1986 = CARTESIAN_POINT ( 'NONE',  ( 14.30554988191462407, 28.17673079511984113, 7.766142225365032736 ) ) ;
#1987 = DIRECTION ( 'NONE',  ( 0.8660254037844399289, 0.000000000000000000, 0.4999999999999977796 ) ) ;
#1988 = DIRECTION ( 'NONE',  ( -0.000000000000000000, -0.000000000000000000, -1.000000000000000000 ) ) ;
#1989 = CARTESIAN_POINT ( 'NONE',  ( 18.15112941243330980, 24.33115126460116429, 6.922782850365032381 ) ) ;
#1990 = CARTESIAN_POINT ( 'NONE',  ( -4.262550633610508122, 20.48557173408247678, 6.476298475365032559 ) ) ;
#1991 = EDGE_LOOP ( 'NONE', ( #1904, #1660 ) ) ;
#1992 = EDGE_CURVE ( 'NONE', #318, #701, #147, .T. ) ;
#1993 = DIRECTION ( 'NONE',  ( -0.000000000000000000, -0.000000000000000000, 1.000000000000000000 ) ) ;
#1994 = CARTESIAN_POINT ( 'NONE',  ( 21.56707915467073988, 20.30761324897690301, 4.839189099281091977 ) ) ;
#1995 = CARTESIAN_POINT ( 'NONE',  ( 21.56707915467073988, 15.04710100683859331, 4.194267226448972430 ) ) ;
#1996 = ORIENTED_EDGE ( 'NONE', *, *, #1752, .T. ) ;
#1997 = CARTESIAN_POINT ( 'NONE',  ( 18.15112941243330980, 24.33115126460116429, 6.129032850365032203 ) ) ;
#1998 = DIRECTION ( 'NONE',  ( -0.000000000000000000, -0.000000000000000000, -1.000000000000000000 ) ) ;
#1999 = DIRECTION ( 'NONE',  ( -0.7071067811865473507, 0.000000000000000000, -0.7071067811865477948 ) ) ;
#2000 = ORIENTED_EDGE ( 'NONE', *, *, #351, .F. ) ;
#2001 = CARTESIAN_POINT ( 'NONE',  ( 17.84733527573989420, 24.02735712790774514, 6.476298474281091622 ) ) ;
#2002 = CARTESIAN_POINT ( 'NONE',  ( 18.15112941243330624, 5.763050749076025880, 6.724345350365031670 ) ) ;
#2003 = CONICAL_SURFACE ( 'NONE', #18, 3.149999999999999911, 0.7853981633974480570 ) ;
#2004 = ORIENTED_EDGE ( 'NONE', *, *, #1550, .F. ) ;
#2005 = DIRECTION ( 'NONE',  ( -1.000000000000000000, 0.000000000000000000, 0.000000000000000000 ) ) ;
#2006 = AXIS2_PLACEMENT_3D ( 'NONE', #532, #1843, #2021 ) ;
#2007 = CARTESIAN_POINT ( 'NONE',  ( -3.832920845329258253, 15.04710100683859508, 6.178642226448972430 ) ) ;
#2008 = CARTESIAN_POINT ( 'NONE',  ( -17.97970836264689609, -0.4528989931613450204, 4.194267226448972430 ) ) ;
#2009 = EDGE_LOOP ( 'NONE', ( #107, #443, #1290, #571 ) ) ;
#2010 = ADVANCED_FACE ( 'NONE', ( #550 ), #1309, .F. ) ;
#2011 = CARTESIAN_POINT ( 'NONE',  ( 21.78189404881136682, 15.04710100683859331, 4.318290663407001517 ) ) ;
#2012 = DIRECTION ( 'NONE',  ( -1.000000000000000000, 0.000000000000000000, 0.000000000000000000 ) ) ;
#2013 = EDGE_LOOP ( 'NONE', ( #829, #1938, #1008, #797 ) ) ;
#2014 = CARTESIAN_POINT ( 'NONE',  ( -0.1131769663984105029, 24.02735712790774514, 6.079423476448972075 ) ) ;
#2015 = CARTESIAN_POINT ( 'NONE',  ( 18.15112941243330980, 24.33115126460116429, 4.640751600365033092 ) ) ;
#2016 = ORIENTED_EDGE ( 'NONE', *, *, #1642, .F. ) ;
#2017 = CARTESIAN_POINT ( 'NONE',  ( 7.167079154670743080, 46.04710100683859508, 7.694267226448971542 ) ) ;
#2018 = CARTESIAN_POINT ( 'NONE',  ( 17.84733527573989420, 24.02735712790774514, 5.682548474281091444 ) ) ;
#2019 = CYLINDRICAL_SURFACE ( 'NONE', #1203, 1.700000000000000178 ) ;
#2020 = CARTESIAN_POINT ( 'NONE',  ( -4.262550633610508122, 20.48557173408247678, 6.377079725365033980 ) ) ;
#2021 = DIRECTION ( 'NONE',  ( 1.000000000000000000, 0.000000000000000000, 0.000000000000000000 ) ) ;
#2022 = CARTESIAN_POINT ( 'NONE',  ( -3.832920845329258697, 15.65109329734774235, 7.694267226448971542 ) ) ;
#2023 = EDGE_LOOP ( 'NONE', ( #2039, #1572, #1125 ) ) ;
#2024 = CARTESIAN_POINT ( 'NONE',  ( 21.56707915467073988, 20.30761324897690301, 5.037626601448971897 ) ) ;
#2025 = CARTESIAN_POINT ( 'NONE',  ( 14.30554988191462407, 28.17673079511984113, 7.071610975365032026 ) ) ;
#2026 = ORIENTED_EDGE ( 'NONE', *, *, #646, .F. ) ;
#2027 = B_SPLINE_CURVE_WITH_KNOTS ( 'NONE', 3,
 ( #268, #1975, #897, #1551, #114, #741, #1383, #1063, #1713, #280, #912, #1562, #694, #1177, #600, #1725, #631, #11, #2032, #1264, #1437, #1286, #457, #297, #1109, #309, #784, #439, #1916, #611 ),
 .UNSPECIFIED., .F., .F.,
 ( 4, 2, 2, 2, 2, 2, 2, 2, 2, 2, 2, 2, 2, 2, 4 ),
 ( 0.000000000000000000, 0.001594676858399800192, 0.003189353716799600384, 0.006378707433599200768, 0.007973384291999008333, 0.009568061150398814163, 0.01116273800879862173, 0.01275741486719842929, 0.01435209172559823686, 0.01594676858399804789, 0.01754144544239785372, 0.01913612230079766302, 0.02232547601759727468, 0.02392015287599707704, 0.02551482973439687593 ),
 .UNSPECIFIED. ) ;
#2028 = CARTESIAN_POINT ( 'NONE',  ( 3.911589453074953315, 3.301681255030855411, 7.694267226448974206 ) ) ;
#2029 = CARTESIAN_POINT ( 'NONE',  ( -19.67970836264689538, -0.4528989931613450204, 4.194267226448972430 ) ) ;
#2030 = ORIENTED_EDGE ( 'NONE', *, *, #1910, .T. ) ;
#2031 = CARTESIAN_POINT ( 'NONE',  ( -2.194205307007329520, 22.12065488273164604, 7.941849507477158454 ) ) ;
#2032 = CARTESIAN_POINT ( 'NONE',  ( 6.105006847625029209, 27.63129240082661298, 7.694267226448971542 ) ) ;
#2033 = DIRECTION ( 'NONE',  ( 1.000000000000000000, 0.000000000000000000, 0.000000000000000000 ) ) ;
#2034 = CARTESIAN_POINT ( 'NONE',  ( 8.867079154670740593, 27.74710100683859437, 5.186454726448972430 ) ) ;
#2035 = CARTESIAN_POINT ( 'NONE',  ( 18.15112941243330980, 24.33115126460116429, 6.228251600365032559 ) ) ;
#2036 = EDGE_CURVE ( 'NONE', #93, #1756, #1414, .T. ) ;
#2037 = EDGE_LOOP ( 'NONE', ( #2030, #1569 ) ) ;
#2038 = AXIS2_PLACEMENT_3D ( 'NONE', #836, #60, #675 ) ;
#2039 = ORIENTED_EDGE ( 'NONE', *, *, #1606, .F. ) ;
#2040 = DIRECTION ( 'NONE',  ( 0.7071067811865473507, 8.659560562354931626E-17, -0.7071067811865477948 ) ) ;
#2041 = CIRCLE ( 'NONE', #835, 3.149999999999999911 ) ;
#2042 = CARTESIAN_POINT ( 'NONE',  ( 8.867079154670738816, 1.917471218557344592, 6.724345350365032559 ) ) ;
#2043 = DIRECTION ( 'NONE',  ( -0.000000000000000000, -0.000000000000000000, 1.000000000000000000 ) ) ;
#2044 = CIRCLE ( 'NONE', #630, 1.699999999999998401 ) ;
#2045 = CARTESIAN_POINT ( 'NONE',  ( 21.99670894295199020, 20.48557173408247678, 4.491923475365032559 ) ) ;
#2046 = CARTESIAN_POINT ( 'NONE',  ( 17.84733527573989065, 6.066844885769438811, 4.888798476448972252 ) ) ;
#2047 = CARTESIAN_POINT ( 'NONE',  ( 21.99670894295198664, 9.608630279594702728, 7.666923475365033269 ) ) ;
#2048 = FACE_OUTER_BOUND ( 'NONE', #1593, .T. ) ;
ENDSEC;
END-ISO-10303-21;
